dim,mean,var,zero_frac
0,-0.008579343,0.0004927859,0.0
1,-0.05710596,0.00060520874,0.0
2,-0.17359306,0.0005104698,0.0
3,-0.16300042,0.00073857186,0.0
4,0.2986065,0.00038605003,0.0
5,-0.0013640412,0.00039964856,0.0
6,-0.030887818,0.0006102878,0.0
7,0.42611757,0.000650554,0.0
8,-0.22796825,0.0005916198,0.0
9,0.15188664,0.00033818884,0.0
10,-0.13020425,0.00079759845,0.0
11,0.031957842,0.00061819504,0.0
12,-0.136539,0.001141953,0.0
13,-0.4312886,0.0006243494,0.0
14,-0.124296755,0.0006244236,0.0
15,-0.030906286,0.00095721195,3.5536350132550586e-06
16,-0.05090018,0.0004960853,3.5536350132550586e-06
17,-0.12469064,0.00038768467,0.0
18,-0.029352415,0.00024561322,0.0
19,-0.013714602,0.0004174162,0.0
20,-0.11793097,0.00048426908,0.0
21,0.12545483,0.00083012646,0.0
22,-0.28121597,0.00042764598,0.0
23,-0.0056020287,0.00057762745,0.0
24,0.17754908,0.0006224232,0.0
25,0.07737103,0.0010074435,3.5536350132550586e-06
26,0.123855434,0.0009132372,0.0
27,-0.01649994,0.00043238967,0.0
28,0.05480508,0.0008331364,0.0
29,-0.20006448,0.00040361393,0.0
30,-0.036661927,0.0004843121,0.0
31,0.38506156,0.0003891506,0.0
32,-0.06424522,0.0008253473,0.0
33,-0.113011345,0.00032770753,0.0
34,-0.0419135,0.000523006,0.0
35,-0.0071068006,0.0005482012,0.0
36,-0.086340114,0.0018622804,0.0
37,0.112348504,0.00059685064,0.0
38,-0.0562744,0.00030251284,0.0
39,0.10401562,0.0014951804,0.0
40,-0.058185007,0.00050301966,0.0
41,-0.020046853,0.0010144518,0.0
42,-0.06989348,0.00045395954,0.0
43,-0.2806767,0.000764722,0.0
44,0.052047104,0.0012321832,0.0
45,1.3028427,0.0013118937,0.0
46,0.10161731,0.0003310119,0.0
47,0.018193914,0.00045946302,0.0
48,-0.079673424,0.00023867375,0.0
49,-0.17981192,0.0018319126,0.0
50,-0.033544213,0.0006424793,0.0
51,-0.0046196845,0.0011011655,0.0
52,-0.12071952,0.0010883543,0.0
53,0.045470964,0.00043401722,0.0
54,-0.055968553,0.00024108292,0.0
55,0.04185369,0.00031335658,0.0
56,-0.073710054,0.00071707845,0.0
57,-0.06830287,0.0011300646,0.0
58,-0.1565097,0.0005854743,0.0
59,-0.0010443087,0.0004523047,0.0
60,0.1219273,0.00044428316,0.0
61,-0.00929147,0.00046771587,0.0
62,-0.07320341,0.0005868211,0.0
63,-0.11698701,0.0004406722,0.0
64,0.11253455,0.0010884267,0.0
65,-0.007313598,0.0003821452,0.0
66,-0.12218591,0.00045541202,0.0
67,0.051451642,0.00044873403,0.0
68,-0.100403905,0.00045340287,0.0
69,-0.17104353,0.0006480622,0.0
70,-0.0024421702,0.00065933954,0.0
71,0.05676393,0.0012762094,0.0
72,-0.031072734,0.00123312,0.0
73,-0.10865565,0.0011726427,0.0
74,-0.1305827,0.00017920799,0.0
75,-0.13751101,0.0002883333,0.0
76,-0.06244104,0.0008620665,0.0
77,-0.18496108,0.0008716277,0.0
78,0.059085853,0.00078562676,0.0
79,0.1727874,0.0005160245,0.0
80,-0.042419262,0.00096566085,0.0
81,-0.13487503,0.0008639079,0.0
82,0.11396172,0.00033858008,0.0
83,-0.038235173,0.00053253706,3.5536350132550586e-06
84,0.07365159,0.00043256,0.0
85,0.006170731,0.0011044393,0.0
86,-0.16154604,0.0007500384,0.0
87,0.11677003,0.00059613725,0.0
88,-0.03507486,0.00080621784,0.0
89,0.17340668,0.0007064448,0.0
90,0.070348725,0.00036119058,0.0
91,0.15584454,0.00050712825,0.0
92,-0.0888785,0.0002612505,0.0
93,-0.011056704,0.00034735678,0.0
94,-0.15317324,0.00083482376,0.0
95,0.036905117,0.00044569545,0.0
96,-0.06567295,0.0003632716,0.0
97,-0.12263654,0.00038566906,0.0
98,0.028357958,0.0007395315,0.0
99,0.21375088,0.0005937454,0.0
100,-0.14673029,0.0010998735,0.0
101,0.30037788,0.0013455744,0.0
102,-0.13335979,0.00035525006,0.0
103,-0.07056329,0.00029339158,0.0
104,-0.0819404,0.001088137,0.0
105,0.020745752,0.00029905888,0.0
106,0.051162552,0.0006034612,0.0
107,0.03269539,0.00083286077,0.0
108,0.03294778,0.001292285,0.0
109,-0.0012259342,0.0003496489,3.5536350132550586e-06
110,0.010509604,0.00070333725,7.107270026510117e-06
111,-0.13255607,0.00036013435,0.0
112,-0.20942079,0.00089247257,0.0
113,0.03725272,0.0003521723,0.0
114,0.13282315,0.00055934937,0.0
115,0.02841023,0.000696284,0.0
116,0.073048145,0.00062860263,0.0
117,0.24600543,0.0004481373,0.0
118,-0.101999864,0.0004842319,0.0
119,-0.020369668,0.0009828465,0.0
120,-0.035387024,0.00045585868,0.0
121,0.09073328,0.0004921293,0.0
122,-0.04255448,0.00083134347,0.0
123,0.3072947,0.0010840502,0.0
124,-0.07841248,0.00025781628,0.0
125,0.012856936,0.00071422954,3.5536350132550586e-06
126,0.03588929,0.0005830176,0.0
127,-0.06886657,0.0010223852,0.0
128,-0.28562865,0.00045154805,0.0
129,-0.03326666,0.00073539343,0.0
130,0.06303335,0.0005901951,0.0
131,0.033712782,0.00047003367,0.0
132,-0.06582862,0.00049526733,0.0
133,-0.055288445,0.00047282255,0.0
134,-0.017715925,0.00095019815,0.0
135,0.004477343,0.0006045073,0.0
136,-0.30653256,0.0007702734,0.0
137,0.08809027,0.0005784319,0.0
138,-0.06727682,0.00046260015,0.0
139,-0.22921522,0.00092217687,0.0
140,0.01148751,0.00042125702,0.0
141,-0.021324264,0.00042140385,0.0
142,0.02703725,0.00054900005,0.0
143,0.0008113342,0.0004804606,0.0
144,-0.058357168,0.00040714603,0.0
145,-0.10103654,0.00083720294,0.0
146,-0.031154525,0.0003215501,0.0
147,0.046990044,0.0012721606,0.0
148,-0.030722618,0.0010952288,0.0
149,0.093769684,0.000846834,0.0
150,-0.82886535,0.0004627104,0.0
151,0.024786117,0.0005021165,3.5536350132550586e-06
152,-0.0575457,0.00051984354,0.0
153,-0.002959618,0.00034943243,3.5536350132550586e-06
154,-0.48561496,0.00049998355,0.0
155,0.6828361,0.0013956395,0.0
156,-0.10615193,0.00035405773,0.0
157,-0.18337905,0.0007844498,0.0
158,0.98979795,0.00029764007,0.0
159,-0.021255782,0.00055531674,0.0
160,-0.12478037,0.0008021073,0.0
161,-0.4534971,0.0006088227,0.0
162,0.092330806,0.0003780513,0.0
163,-0.17388758,0.0005531348,0.0
164,-0.06863406,0.0006979393,0.0
165,0.20728034,0.0007673566,0.0
166,0.06490241,0.0007470593,0.0
167,0.07808598,0.0011609661,0.0
168,0.08644273,0.00056182116,0.0
169,-0.057415962,0.00065263425,0.0
170,0.08285913,0.0005978131,0.0
171,-0.09597674,0.00071691774,0.0
172,-0.088791974,0.00044986885,0.0
173,-0.028487623,0.00035959762,0.0
174,0.1522412,0.0004106956,0.0
175,-0.1413983,0.00035726634,0.0
176,-0.0053701918,0.00037065474,0.0
177,0.9434045,0.0003146472,0.0
178,-0.008337704,0.00041271892,0.0
179,-0.04084265,0.00051168515,0.0
180,-0.17766502,0.0003004604,0.0
181,0.06930967,0.00052972906,0.0
182,0.16400565,0.00040564084,0.0
183,-0.19303825,0.0006719586,0.0
184,0.12953602,0.0003856682,0.0
185,-0.079243094,0.0005215136,0.0
186,0.12191083,0.00052120845,0.0
187,0.1769718,0.0004108695,0.0
188,-0.032274462,0.00031528698,0.0
189,-1.9872144,0.0008484875,0.0
190,-0.10017534,0.00050830236,0.0
191,0.012081916,0.0013203986,0.0
192,0.095603496,0.0011772896,0.0
193,0.10740066,0.0003971496,0.0
194,0.14666975,0.00038210442,0.0
195,-0.0014399063,0.0004004763,3.5536350132550586e-06
196,0.0952897,0.0005996522,0.0
197,-0.08060663,0.00078376295,0.0
198,0.0030441224,0.00086836255,0.0
199,-0.05450445,0.0010129339,0.0
200,0.013057627,0.001016076,0.0
201,-0.33766383,0.00035584767,0.0
202,-0.08285822,0.0007143497,0.0
203,0.08198001,0.0007392334,0.0
204,-0.07216633,0.0010220696,0.0
205,-0.0009367226,0.0011309234,0.0
206,-0.1724048,0.0005957167,0.0
207,0.0014762,0.0007497448,0.0
208,0.0013828585,0.00040462223,0.0
209,-0.03189941,0.0006567637,0.0
210,-0.14749983,0.00087738864,0.0
211,-0.07133094,0.00032367324,0.0
212,0.017940192,0.0003655638,0.0
213,0.16853637,0.0013417355,0.0
214,-0.013386869,0.00087457657,0.0
215,0.09298132,0.0011010033,0.0
216,-0.022849789,0.0003150897,0.0
217,-0.13474882,0.0013440219,0.0
218,-0.10376245,0.0009577375,0.0
219,-0.8362764,0.0007616051,0.0
220,-0.22645393,0.00116868,0.0
221,0.08591896,0.00033830522,0.0
222,0.093494266,0.0010002608,0.0
223,-0.26233628,0.0008827702,0.0
224,-0.12380467,0.00041069693,0.0
225,0.047460712,0.00036015752,0.0
226,-0.1518933,0.0014523081,0.0
227,-0.016580509,0.0003866716,0.0
228,0.025260488,0.00050251005,0.0
229,0.1378999,0.0020599605,0.0
230,-0.09680686,0.00036869655,0.0
231,-0.10606715,0.00060442946,0.0
232,-0.119049534,0.0008375949,0.0
233,0.01095062,0.0006954484,7.107270026510117e-06
234,-0.03751464,0.00076676084,0.0
235,-0.055681076,0.0005428329,0.0
236,-0.2872826,0.0005525133,0.0
237,-0.03720813,0.0007446382,0.0
238,-0.05891502,0.00056329614,0.0
239,-0.0238598,0.0008908473,0.0
240,0.1020175,0.0010870897,0.0
241,0.04775524,0.00019204801,0.0
242,0.07991858,0.0005321705,0.0
243,0.01598981,0.0003699332,0.0
244,-0.06313593,0.00045492375,0.0
245,-0.048927393,0.00039760701,0.0
246,-0.12342382,0.00060355954,0.0
247,0.013348008,0.0026224563,0.0
248,0.035209272,0.0006255306,0.0
249,0.000934093,0.00048751896,3.5536350132550586e-06
250,0.021001266,0.00064154674,3.5536350132550586e-06
251,-1.0370884,0.00077453454,0.0
252,-0.12886289,0.00077679387,0.0
253,-0.014148515,0.0003586293,3.5536350132550586e-06
254,0.03151595,0.0003514634,0.0
255,0.0352112,0.00020508852,0.0
256,0.049578153,0.00034230578,0.0
257,-0.0017943021,0.0005140004,0.0
258,4.136367,8.4271756e-05,0.0
259,0.092162125,0.0013351355,0.0
260,0.10670949,0.000713579,0.0
261,-0.012675321,0.00087976427,0.0
262,-0.16438746,0.0009667748,0.0
263,0.06785051,0.00043589566,0.0
264,-0.1888028,0.0006834402,0.0
265,0.03203621,0.00027769533,0.0
266,0.05772235,0.00047506578,0.0
267,0.034624856,0.00040399315,0.0
268,-0.040025182,0.0007781513,0.0
269,-0.102350794,0.00058944855,0.0
270,-0.07484196,0.0016538261,0.0
271,0.18702288,0.0004288063,0.0
272,-0.0007852298,0.001948054,0.0
273,-0.2314918,0.00067883875,0.0
274,-0.33228666,0.0013729671,0.0
275,-0.020479163,0.00035865,0.0
276,0.089764945,0.0012799688,0.0
277,-0.014318631,0.00033692448,3.5536350132550586e-06
278,-0.17797294,0.00034106732,0.0
279,-0.019271603,0.0012561708,0.0
280,0.02562863,0.0009292138,0.0
281,-0.12726533,0.0009814382,0.0
282,0.14520827,0.00049768196,0.0
283,-0.07059748,0.00035197803,0.0
284,-0.10960334,0.0013189025,0.0
285,-0.05908213,0.00066882995,0.0
286,0.13186523,0.0014478939,0.0
287,-0.123900205,0.0010222885,0.0
288,0.062446807,0.0013620814,0.0
289,-0.10191144,0.00067561795,0.0
290,0.039007083,0.0005591162,0.0
291,-0.5846397,0.0010405817,0.0
292,-0.121671185,0.0007317797,0.0
293,0.091286995,0.0010746961,0.0
294,0.0039906306,0.00056089205,0.0
295,0.11358543,0.0011143654,0.0
296,0.04322123,0.00025466463,0.0
297,0.1643031,0.0017703081,0.0
298,-0.09453498,0.00076500943,0.0
299,0.030751117,0.00086878875,0.0
300,0.034058165,0.0008461818,0.0
301,0.2267298,0.0011892411,0.0
302,-0.10676991,0.0015305824,0.0
303,-0.08326748,0.00047463394,0.0
304,0.025679812,0.00069610396,0.0
305,0.03397876,0.00042617327,0.0
306,0.19369753,0.0017376,0.0
307,-0.113355085,0.00032517058,0.0
308,-0.11901261,0.0002858545,0.0
309,-0.021276712,0.0008222686,0.0
310,-0.023571804,0.00056753826,0.0
311,-0.27712134,0.0023205988,0.0
312,-0.018947305,0.0012437556,0.0
313,0.07937198,0.00058923283,0.0
314,0.10738134,0.000544228,0.0
315,0.45515117,0.00084202056,0.0
316,0.057375886,0.00047783845,0.0
317,-0.021606842,0.0032114445,0.0
318,-0.14003856,0.00029776955,0.0
319,-0.07723922,0.0004834535,0.0
320,-0.08180095,0.00032617783,0.0
321,0.08903833,0.0018889854,0.0
322,-0.13840848,0.0004522833,0.0
323,0.035052165,0.0003768137,0.0
324,-0.13870741,0.002288929,0.0
325,-0.08190279,0.0008407168,0.0
326,0.26600775,0.00078611716,0.0
327,-0.18425857,0.00039590316,0.0
328,-0.1265027,0.00071883766,0.0
329,-0.123531476,0.00029840096,0.0
330,-0.25975102,0.0006852458,0.0
331,-0.11471859,0.0013887308,0.0
332,-0.53841835,0.0007720002,0.0
333,-0.09795964,0.0018844529,0.0
334,0.16288146,0.00045298043,0.0
335,-0.18237896,0.001496676,0.0
336,0.05151285,0.00039482897,0.0
337,-0.26653925,0.0008913365,0.0
338,-0.014261157,0.00046952002,0.0
339,-0.010504024,0.00038487877,0.0
340,0.045721717,0.0006830163,0.0
341,-0.013548099,0.00052386196,0.0
342,-0.020606516,0.0012487042,0.0
343,-0.059234176,0.0003342474,0.0
344,0.06471937,0.0010871886,0.0
345,-0.03147634,0.0005450653,0.0
346,-0.0797319,0.00043000732,0.0
347,0.09391769,0.00041307253,0.0
348,-0.04917688,0.0003635051,0.0
349,0.016657906,0.0016523338,0.0
350,-0.10439135,0.00023276001,0.0
351,-0.10633195,0.00094446633,0.0
352,-0.025961434,0.0008647322,0.0
353,0.07734543,0.0005173504,0.0
354,-0.08223398,0.0002952376,0.0
355,-0.0046952846,0.0009295802,0.0
356,-0.13260147,0.0011814601,0.0
357,-0.008880374,0.0016969194,0.0
358,-0.023924522,0.0004847242,0.0
359,0.062847294,0.00046260198,0.0
360,-0.057060625,0.00052582775,0.0
361,-0.0071144444,0.00034239158,3.5536350132550586e-06
362,-0.06210209,0.00026931768,0.0
363,0.1676934,0.00078070554,0.0
364,-0.08254358,0.00024582056,0.0
365,-0.12729365,0.00066857046,0.0
366,-0.08958674,0.0017561375,0.0
367,-0.09924411,0.0008336976,0.0
368,-0.09454136,0.0006150022,0.0
369,-0.212155,0.00035299652,0.0
370,-0.2308779,0.0017379434,0.0
371,-0.11567002,0.0006714389,0.0
372,-0.13856666,0.00068766414,0.0
373,0.04106988,0.0014130928,0.0
374,-0.038010817,0.0005649178,0.0
375,0.09645683,0.0013890791,0.0
376,0.052557558,0.000641145,0.0
377,-0.052303087,0.0014100473,0.0
378,-0.0299401,0.00039381205,0.0
379,-0.017422438,0.00032381108,0.0
380,0.12524948,0.00040113647,0.0
381,-0.055618178,0.00089579076,0.0
382,-0.14710255,0.00026199795,0.0
383,-0.12669334,0.00038059778,0.0
384,0.023174506,0.0005063437,0.0
385,-0.05351069,0.0005504112,0.0
386,-0.011030387,0.0005045991,7.107270026510117e-06
387,-0.047963794,0.0012035723,0.0
388,-0.16297656,0.0012696969,0.0
389,-0.0076940735,0.00070907973,7.107270026510117e-06
390,-0.024059111,0.0005786653,0.0
391,0.13500114,0.0004247061,0.0
392,-0.115062356,0.0017258159,0.0
393,-0.05672719,0.00038933358,3.5536350132550586e-06
394,0.111501366,0.0024713639,0.0
395,-0.10352958,0.00046656546,0.0
396,0.007593555,0.00029754548,0.0
397,0.06599078,0.0011996893,0.0
398,-0.001671976,0.000945524,3.5536350132550586e-06
399,-0.030311778,0.0011421706,0.0
400,-0.16697432,0.0018963072,0.0
401,0.018049816,0.00062189193,0.0
402,-0.095976576,0.00036003985,0.0
403,0.013678598,0.0005014866,0.0
404,0.026233751,0.0007120118,0.0
405,0.019841194,0.00064419565,0.0
406,-0.1161623,0.00036655978,0.0
407,0.15347438,0.0005429288,0.0
408,-0.013372301,0.0010255083,0.0
409,-0.04385918,0.0015917725,0.0
410,0.04819144,0.00041008304,0.0
411,0.011062234,0.00071239145,0.0
412,-0.006647682,0.00042936302,3.5536350132550586e-06
413,-0.017274994,0.0003941457,0.0
414,0.26910585,0.00064135523,0.0
415,-0.1914586,0.00044304843,0.0
416,0.1430879,0.0007911421,0.0
417,-0.08699224,0.0011362031,0.0
418,-0.07672655,0.00047210287,0.0
419,-0.08290394,0.0005739205,0.0
420,0.4275851,0.000898274,0.0
421,-0.015876241,0.0003469406,0.0
422,0.032925416,0.000998553,0.0
423,-0.120417945,0.0010882237,0.0
424,-0.112643816,0.00048725968,0.0
425,-0.25007766,0.0005564291,0.0
426,-0.14906336,0.00044419285,0.0
427,-0.115373634,0.00035882625,0.0
428,0.015242058,0.0005556181,0.0
429,0.069849,0.00045910344,0.0
430,0.086604714,0.0011458964,0.0
431,0.07169582,0.0003880279,0.0
432,-0.0065518585,0.00047319572,0.0
433,0.13675089,0.00066126726,0.0
434,-0.10442215,0.00073249644,0.0
435,-0.011301786,0.0014983889,0.0
436,-0.14544493,0.0007500537,0.0
437,-0.19254725,0.0009503464,0.0
438,-0.036142025,0.0014383587,0.0
439,-0.08785312,0.0003844256,0.0
440,0.0831061,0.00076924806,0.0
441,-0.028699964,0.00058919983,0.0
442,0.11633006,0.001174345,0.0
443,-0.14098978,0.0008218983,0.0
444,-0.047653366,0.0021456038,0.0
445,0.090947494,0.00056524656,0.0
446,-0.10820488,0.00024747598,0.0
447,-0.0071643414,0.0009204211,0.0
448,-0.06470781,0.0004747188,0.0
449,-0.11002032,0.00066255307,0.0
450,-0.020235168,0.00041991862,0.0
451,-0.053757064,0.0009752996,0.0
452,-0.06881611,0.0006968347,0.0
453,-0.057881515,0.0004544891,3.5536350132550586e-06
454,-0.036018874,0.0011264841,0.0
455,-0.044047873,0.0010712291,0.0
456,0.124986745,0.00072960684,0.0
457,-0.031675115,0.000641202,0.0
458,-0.0789989,0.000497264,0.0
459,-0.061426878,0.00030289614,0.0
460,-0.13552453,0.00078537426,0.0
461,0.5627266,0.0005078004,0.0
462,-0.123487584,0.00063628587,0.0
463,0.12908046,0.0005293183,0.0
464,0.07738979,0.0004024552,0.0
465,-0.18475364,0.00049755245,0.0
466,0.098119736,0.00060375006,0.0
467,-0.07464963,0.00054343976,0.0
468,0.20487773,0.0012832088,0.0
469,0.060201984,0.000651021,0.0
470,-0.18062827,0.00066926854,0.0
471,-0.17531565,0.00089564046,0.0
472,-0.114397965,0.0003537785,0.0
473,0.12456744,0.00046339148,0.0
474,-0.05106108,0.00031953971,0.0
475,0.047846943,0.001803946,0.0
476,0.045344863,0.0011182054,0.0
477,-0.04389494,0.0011003661,0.0
478,-0.029282108,0.0004025213,0.0
479,-0.032380156,0.0011347628,0.0
480,0.058033485,0.0002555656,0.0
481,-0.14449224,0.0012147641,0.0
482,0.0029045152,0.0015067233,0.0
483,-0.09597918,0.0010408111,0.0
484,-0.0047405115,0.000626738,0.0
485,-0.1882837,0.0010246423,0.0
486,0.058229115,0.0005170895,0.0
487,-0.041365307,0.00080986536,0.0
488,0.05288021,0.0008585468,0.0
489,-0.049845677,0.000649221,0.0
490,-0.10073475,0.00032499916,0.0
491,0.036171377,0.0004544791,0.0
492,-0.14540675,0.0004295082,0.0
493,-0.1193882,0.00024288693,0.0
494,0.10181123,0.0007062822,0.0
495,-0.20733269,0.00044177315,0.0
496,-0.044093534,0.0004471542,0.0
497,-0.049449515,0.0005460561,0.0
498,-0.0052958564,0.0002120131,0.0
499,0.095490806,0.0011438444,0.0
500,-0.10432928,0.00044344287,0.0
501,-0.22922525,0.0004575342,0.0
502,-0.46000886,0.00076106226,0.0
503,-0.3000585,0.0006589902,0.0
504,-0.10704035,0.00059850625,0.0
505,0.038132295,0.0009420333,0.0
506,-0.029237477,0.0005415517,0.0
507,-0.19230598,0.0007336737,0.0
508,-0.071781434,0.00043212404,0.0
509,-0.07864075,0.00054922927,0.0
510,0.067594886,0.0010383781,0.0
511,0.015343013,0.0010973788,0.0
512,-0.019430226,0.0005629806,0.0
513,-0.16670975,0.0004063239,0.0
514,0.82604754,0.0015546305,0.0
515,-0.2717089,0.0003113682,0.0
516,0.117604166,0.00085697806,0.0
517,0.24343033,0.0017151011,0.0
518,-0.027002947,0.000418856,7.107270026510117e-06
519,0.037641965,0.0008789269,0.0
520,-0.09816646,0.00039880024,0.0
521,-0.06013709,0.0006399651,0.0
522,-0.15229757,0.0004257534,0.0
523,-0.03237487,0.0005464195,0.0
524,-0.046453014,0.00025966056,0.0
525,0.20351802,0.0004669189,0.0
526,-0.08169585,0.00074626604,0.0
527,-0.2642256,0.0018097329,0.0
528,-0.016023107,0.00058723264,0.0
529,0.08216091,0.00027764018,0.0
530,-0.041699957,0.0013536308,0.0
531,-0.068262406,0.0012997476,0.0
532,-0.031673256,0.0010433603,0.0
533,0.06561443,0.0003068359,0.0
534,-0.034558482,0.0005594314,0.0
535,0.014025339,0.0003861255,0.0
536,0.18522969,0.00053170323,0.0
537,-0.11650391,0.0011773923,0.0
538,-0.13343789,0.0005360465,0.0
539,-0.10448768,0.00062833814,0.0
540,-0.29300871,0.0006015962,0.0
541,0.14051023,0.00096459425,0.0
542,-0.055050105,0.0003093241,0.0
543,-0.08228211,0.00030720982,0.0
544,0.035550285,0.0017311217,0.0
545,-0.093818456,0.001135408,0.0
546,-0.025380028,0.00024433143,0.0
547,0.012976102,0.0011972177,0.0
548,0.28810248,0.0012349504,0.0
549,-0.20417061,0.0016719055,0.0
550,-0.073911324,0.00068492634,0.0
551,-0.11382536,0.00061821,0.0
552,-0.010855917,0.002302272,0.0
553,0.08202882,0.00066267967,0.0
554,-0.028337616,0.0005441749,0.0
555,-0.07587403,0.00075053243,0.0
556,-0.14483166,0.00080362544,0.0
557,0.040178414,0.00065117225,0.0
558,0.15639149,0.0011036827,0.0
559,1.0375608,0.0011251597,0.0
560,-0.063932456,0.0003714683,0.0
561,-0.12632543,0.0011417405,0.0
562,-0.030045172,0.00028089157,0.0
563,-0.29551774,0.00058405695,0.0
564,0.15948695,0.0003509868,0.0
565,0.057312675,0.00039096296,0.0
566,-0.04493413,0.0023129457,0.0
567,0.067190394,0.0003056533,0.0
568,-0.07453162,0.0011492431,0.0
569,-0.039767727,0.0005025367,0.0
570,-0.024364691,0.0003267991,0.0
571,-0.31672367,0.0005925968,0.0
572,0.089009054,0.0002600479,0.0
573,-0.1280544,0.00081091706,0.0
574,0.013531353,0.0021927746,0.0
575,-0.10140958,0.00087369984,0.0
576,-0.04324481,0.00031429977,0.0
577,-0.0044682166,0.0007256112,0.0
578,-0.048904367,0.0003119342,0.0
579,-0.103890456,0.00038164016,0.0
580,0.08413382,0.00035104642,0.0
581,0.016152687,0.00049167644,0.0
582,-0.2085042,0.00047805565,0.0
583,-0.03159916,0.0005946506,0.0
584,-0.05748699,0.0006523568,0.0
585,-0.1177865,0.001537292,0.0
586,-0.23061694,0.0006011593,0.0
587,-0.04767,0.00048633487,0.0
588,0.029693183,0.0012531941,0.0
589,-1.1602981,0.0006312007,0.0
590,-0.10549213,0.00032268526,0.0
591,-0.012412221,0.0014048397,0.0
592,-0.069812514,0.00058715965,0.0
593,-0.106412984,0.00036740053,0.0
594,-0.32701513,0.0014730106,0.0
595,-0.09668299,0.001307234,0.0
596,-0.0049325703,0.00045464476,0.0
597,0.093695484,0.0003286518,0.0
598,0.05418057,0.00064528995,0.0
599,-0.38628587,0.00054402987,0.0
600,-0.08533501,0.00065255753,0.0
601,-0.07073944,0.00036168913,0.0
602,-0.0723402,0.00035103463,0.0
603,0.05722451,0.00084115117,0.0
604,-0.00015304537,0.0006356639,0.0
605,-0.09882627,0.000600958,0.0
606,-0.29970706,0.0005263314,0.0
607,0.037837178,0.0013290538,0.0
608,-0.0049387044,0.00076295837,3.5536350132550586e-06
609,-0.042137768,0.0012165679,0.0
610,0.012513688,0.00035748794,0.0
611,-0.023471724,0.00063622615,0.0
612,0.032934625,0.00062567205,0.0
613,-0.018325139,0.00034857757,0.0
614,-0.07044395,0.00055010675,0.0
615,0.16157545,0.00033536268,0.0
616,-0.08820727,0.00044930028,0.0
617,0.07077064,0.00063892343,0.0
618,-0.18755868,0.0012366135,0.0
619,-0.012009702,0.00066371344,0.0
620,-0.1384278,0.00081204734,0.0
621,-0.043367002,0.00029797625,0.0
622,-0.012915036,0.0004894169,0.0
623,-0.06791461,0.00067736645,0.0
624,-0.09261484,0.0006407596,0.0
625,-0.07722267,0.0013068819,0.0
626,-0.15395895,0.0007806438,0.0
627,0.13804561,0.00081190775,0.0
628,-0.030741656,0.0008193215,3.5536350132550586e-06
629,-0.05879501,0.00033582796,0.0
630,-0.03632353,0.0004270018,0.0
631,-0.045832407,0.00075635535,0.0
632,-0.15302126,0.00094114523,0.0
633,-0.10757291,0.000725082,0.0
634,-0.18071403,0.00037064656,0.0
635,-0.13408737,0.0020138002,0.0
636,0.41034365,0.00030893445,0.0
637,0.05804581,0.001031403,0.0
638,0.16879599,0.00078714784,0.0
639,-0.08898349,0.00055427453,0.0
640,-0.043982837,0.00084807526,3.5536350132550586e-06
641,0.16482335,0.00061263534,0.0
642,-0.17351139,0.0005865406,0.0
643,-0.17090248,0.00048737403,0.0
644,-0.22908609,0.00053630874,0.0
645,-0.04593321,0.0002637613,0.0
646,0.04369701,0.0019543532,0.0
647,0.17734377,0.00032705558,0.0
648,0.07752393,0.001133639,0.0
649,0.053853508,0.0005597083,0.0
650,-0.023726912,0.0003517224,0.0
651,-0.017461874,0.00047735247,0.0
652,-0.11537629,0.0010368228,0.0
653,-0.17516321,0.00079232064,0.0
654,-0.033955634,0.00039407032,3.5536350132550586e-06
655,0.05572065,0.00048418244,0.0
656,0.10273959,0.0003932104,0.0
657,0.13545574,0.0004025376,0.0
658,-0.03912393,0.00085503206,0.0
659,-0.15059488,0.0004206525,0.0
660,-0.08077982,0.0005640413,0.0
661,0.07550449,0.00033736578,0.0
662,0.0122422045,0.0011443973,0.0
663,-0.01541899,0.00078119675,0.0
664,0.3197462,0.0011557167,0.0
665,0.13303247,0.0008577072,0.0
666,-0.16097257,0.00087116176,0.0
667,0.062149752,0.0008009776,0.0
668,0.106182374,0.00059861195,0.0
669,0.15695122,0.00031447542,0.0
670,-0.14055513,0.00072720944,0.0
671,-0.046681084,0.0006372704,0.0
672,-0.042372733,0.000609801,0.0
673,0.026676798,0.0005818687,3.5536350132550586e-06
674,0.108419426,0.0006766883,0.0
675,-0.12761325,0.0006917755,0.0
676,-0.19164337,0.0002631552,0.0
677,-0.0052066185,0.0010232696,0.0
678,0.07327846,0.00064872904,0.0
679,0.0027240622,0.00048454537,0.0
680,0.005412775,0.00091205083,0.0
681,-0.017134,0.000545872,0.0
682,0.10586947,0.0003059947,0.0
683,0.011956629,0.0005440799,0.0
684,-0.024618285,0.0010303885,3.5536350132550586e-06
685,-0.05939497,0.0005948634,0.0
686,0.04007578,0.0009430346,0.0
687,-0.057173334,0.0004464868,0.0
688,-0.018798294,0.00031097705,0.0
689,-0.0923808,0.0002867698,0.0
690,0.06974095,0.0008269575,0.0
691,-0.18286014,0.00052646495,0.0
692,0.061985884,0.00046925704,0.0
693,0.10267613,0.000896128,0.0
694,0.034191087,0.00034083467,0.0
695,0.12692422,0.00048633537,0.0
696,0.006208827,0.0004916104,0.0
697,0.097616136,0.0003352867,0.0
698,0.04707539,0.00045148382,0.0
699,0.0013057509,0.0021666703,0.0
700,-0.122448586,0.00079598895,0.0
701,-0.057548184,0.00036744878,0.0
702,-0.08400343,0.00040656351,0.0
703,0.0777689,0.0005719626,0.0
704,-0.036308262,0.0003374668,0.0
705,-0.20903252,0.00045377275,0.0
706,-0.065714404,0.00092099205,0.0
707,-0.11881511,0.00046307806,0.0
708,-0.106685616,0.00037601078,0.0
709,-0.03384505,0.00067182805,3.5536350132550586e-06
710,0.02167663,0.00037234026,7.107270026510117e-06
711,0.04402414,0.0015415828,0.0
712,0.01179002,0.00037321224,0.0
713,0.02813053,0.00044760518,0.0
714,-0.07877478,0.0005623375,0.0
715,0.042346183,0.0027637596,0.0
716,0.09540979,0.0005015997,0.0
717,-0.24139552,0.0006084564,0.0
718,-0.010066016,0.00055439194,0.0
719,-0.013191634,0.00055497856,0.0
720,0.035914056,0.0010152519,0.0
721,0.08855679,0.0009117351,0.0
722,-0.19002792,0.00074686226,0.0
723,0.20275043,0.00042398623,0.0
724,-0.03214047,0.00078531215,0.0
725,-0.060860865,0.00036403997,0.0
726,-0.06628285,0.0011326198,0.0
727,-0.096499175,0.0007115626,0.0
728,-0.029979242,0.0011755303,0.0
729,-0.0059400867,0.0003106942,0.0
730,-0.09846123,0.00031642502,0.0
731,-0.027239285,0.0009136309,0.0
732,0.11079071,0.0002677386,0.0
733,0.06129861,0.000838283,0.0
734,-0.1553994,0.0002752381,0.0
735,-0.039772,0.0007259012,0.0
736,-0.028066015,0.0009026563,3.5536350132550586e-06
737,0.1298097,0.00029103036,0.0
738,-0.64143896,0.0005536261,0.0
739,-0.050851993,0.0004937328,0.0
740,-0.15752079,0.0012782229,0.0
741,-0.035498317,0.0003429106,0.0
742,0.06548759,0.00061760645,0.0
743,-0.098429,0.0014325487,0.0
744,0.3893753,0.0016925221,0.0
745,-0.06954822,0.00071786775,0.0
746,-0.19083191,0.0003902488,0.0
747,0.041339673,0.00063199794,0.0
748,-0.11611323,0.00034149227,0.0
749,-0.14512077,0.0007292084,0.0
750,-0.027743082,0.00074184267,0.0
751,0.12177376,0.00042152795,0.0
752,0.14613643,0.0004958134,0.0
753,-0.017700672,0.0016113985,0.0
754,-0.14645897,0.00047445126,0.0
755,-0.07757807,0.00025510215,0.0
756,0.059896052,0.00080079393,0.0
757,-0.05990644,0.00049801776,0.0
758,-0.47547486,0.00053193216,0.0
759,-0.087436445,0.0009740928,0.0
760,-0.024807297,0.00052242266,0.0
761,0.041586544,0.00062040857,0.0
762,-0.13433413,0.00033963379,0.0
763,-0.24890412,0.0005918239,0.0
764,0.49734515,0.0022639758,0.0
765,-0.19356482,0.00027656363,0.0
766,-0.07848363,0.0002329156,0.0
767,0.10461114,0.00043281534,0.0
