repeat	support_block	method	adjustment	n_overlap	overlap_lower	overlap_upper	roc_auc_overlap
1	cell_yield	Frozen Geneformer	cell_yield	180	0.29128643361645007	0.6522060011399551	0.9567307692307692
1	cell_yield	Frozen Geneformer	unadjusted	180	0.29128643361645007	0.6522060011399551	0.9696356275303644
1	cell_yield	Mean-HVG pseudobulk	cell_yield	180	0.29128643361645007	0.6522060011399551	0.9754554655870445
1	cell_yield	Mean-HVG pseudobulk	unadjusted	180	0.29128643361645007	0.6522060011399551	0.9838056680161944
1	cell_yield	PCA pseudobulk	cell_yield	180	0.29128643361645007	0.6522060011399551	0.9595141700404859
1	cell_yield	PCA pseudobulk	unadjusted	180	0.29128643361645007	0.6522060011399551	0.9690030364372471
1	qc_core	Frozen Geneformer	qc_core	157	0.238219469709617	0.6729773900038076	0.9489430894308943
1	qc_core	Frozen Geneformer	unadjusted	157	0.238219469709617	0.6729773900038076	0.9764227642276422
1	qc_core	Mean-HVG pseudobulk	qc_core	157	0.238219469709617	0.6729773900038076	0.9747967479674797
1	qc_core	Mean-HVG pseudobulk	unadjusted	157	0.238219469709617	0.6729773900038076	0.9892682926829268
1	qc_core	PCA pseudobulk	qc_core	157	0.238219469709617	0.6729773900038076	0.9546341463414634
1	qc_core	PCA pseudobulk	unadjusted	157	0.238219469709617	0.6729773900038076	0.9692682926829268
1	acquisition_structure	Frozen Geneformer	acquisition_structure	204	0.2769746198704126	0.5189653912415034	0.9753924050632912
1	acquisition_structure	Frozen Geneformer	unadjusted	204	0.2769746198704126	0.5189653912415034	0.9779240506329114
1	acquisition_structure	Mean-HVG pseudobulk	acquisition_structure	204	0.2769746198704126	0.5189653912415034	0.9906835443037975
1	acquisition_structure	Mean-HVG pseudobulk	unadjusted	204	0.2769746198704126	0.5189653912415034	0.9901772151898733
1	acquisition_structure	PCA pseudobulk	acquisition_structure	204	0.2769746198704126	0.5189653912415034	0.9778227848101266
1	acquisition_structure	PCA pseudobulk	unadjusted	204	0.2769746198704126	0.5189653912415034	0.9763037974683544
1	processing_cohort	Frozen Geneformer	processing_cohort	84	0.2978709233589945	0.6444833777719041	0.9098128190584232
1	processing_cohort	Frozen Geneformer	unadjusted	84	0.2978709233589945	0.6444833777719041	0.9137833238797505
1	processing_cohort	Mean-HVG pseudobulk	processing_cohort	84	0.2978709233589945	0.6444833777719041	0.7963698241633579
1	processing_cohort	Mean-HVG pseudobulk	unadjusted	84	0.2978709233589945	0.6444833777719041	0.9489506522972206
1	processing_cohort	PCA pseudobulk	processing_cohort	84	0.2978709233589945	0.6444833777719041	0.9035734543391946
1	processing_cohort	PCA pseudobulk	unadjusted	84	0.2978709233589945	0.6444833777719041	0.9154849688031764
1	demographic	Frozen Geneformer	demographic	225	0.35244450689120727	0.7012664147214897	0.9638514076295186
1	demographic	Frozen Geneformer	unadjusted	225	0.35244450689120727	0.7012664147214897	0.9739297018157589
1	demographic	Mean-HVG pseudobulk	demographic	225	0.35244450689120727	0.7012664147214897	0.9795102448775612
1	demographic	Mean-HVG pseudobulk	unadjusted	225	0.35244450689120727	0.7012664147214897	0.9880059970014992
1	demographic	PCA pseudobulk	demographic	225	0.35244450689120727	0.7012664147214897	0.9715142428785607
1	demographic	PCA pseudobulk	unadjusted	225	0.35244450689120727	0.7012664147214897	0.9786773280026654
1	combined	Frozen Geneformer	combined	51	0.26449998008721604	0.6099975745071305	0.9076923076923077
1	combined	Frozen Geneformer	unadjusted	51	0.26449998008721604	0.6099975745071305	0.9123076923076923
1	combined	Mean-HVG pseudobulk	combined	51	0.26449998008721604	0.6099975745071305	0.8707692307692307
1	combined	Mean-HVG pseudobulk	unadjusted	51	0.26449998008721604	0.6099975745071305	0.9538461538461538
1	combined	PCA pseudobulk	combined	51	0.26449998008721604	0.6099975745071305	0.9307692307692308
1	combined	PCA pseudobulk	unadjusted	51	0.26449998008721604	0.6099975745071305	0.88
2	cell_yield	Frozen Geneformer	cell_yield	182	0.27617830223191286	0.6574586056471938	0.9560575968222443
2	cell_yield	Frozen Geneformer	unadjusted	182	0.27617830223191286	0.6574586056471938	0.971077457795432
2	cell_yield	Mean-HVG pseudobulk	cell_yield	182	0.27617830223191286	0.6574586056471938	0.9703326713008937
2	cell_yield	Mean-HVG pseudobulk	unadjusted	182	0.27617830223191286	0.6574586056471938	0.9843594836146972
2	cell_yield	PCA pseudobulk	cell_yield	182	0.27617830223191286	0.6574586056471938	0.9553128103277061
2	cell_yield	PCA pseudobulk	unadjusted	182	0.27617830223191286	0.6574586056471938	0.9663604766633566
2	qc_core	Frozen Geneformer	qc_core	156	0.23756089013108067	0.6582575430597346	0.952819332566168
2	qc_core	Frozen Geneformer	unadjusted	156	0.23756089013108067	0.6582575430597346	0.9771494328456354
2	qc_core	Mean-HVG pseudobulk	qc_core	156	0.23756089013108067	0.6582575430597346	0.9833963504849581
2	qc_core	Mean-HVG pseudobulk	unadjusted	156	0.23756089013108067	0.6582575430597346	0.9891500904159132
2	qc_core	PCA pseudobulk	qc_core	156	0.23756089013108067	0.6582575430597346	0.9621897090251521
2	qc_core	PCA pseudobulk	unadjusted	156	0.23756089013108067	0.6582575430597346	0.9697517672201217
2	acquisition_structure	Frozen Geneformer	acquisition_structure	205	0.2917562506266353	0.51800163477352	0.9742816958006831
2	acquisition_structure	Frozen Geneformer	unadjusted	205	0.2917562506266353	0.51800163477352	0.978400642957605
2	acquisition_structure	Mean-HVG pseudobulk	acquisition_structure	205	0.2917562506266353	0.51800163477352	0.9903556359252561
2	acquisition_structure	Mean-HVG pseudobulk	unadjusted	205	0.2917562506266353	0.51800163477352	0.9892505525416917
2	acquisition_structure	PCA pseudobulk	acquisition_structure	205	0.2917562506266353	0.51800163477352	0.9745830821780189
2	acquisition_structure	PCA pseudobulk	unadjusted	205	0.2917562506266353	0.51800163477352	0.9763914004420333
2	processing_cohort	Frozen Geneformer	processing_cohort	86	0.2989070091605056	0.6281751820150504	0.8858842617631152
2	processing_cohort	Frozen Geneformer	unadjusted	86	0.2989070091605056	0.6281751820150504	0.9177934018388318
2	processing_cohort	Mean-HVG pseudobulk	processing_cohort	86	0.2989070091605056	0.6281751820150504	0.808004326663061
2	processing_cohort	Mean-HVG pseudobulk	unadjusted	86	0.2989070091605056	0.6281751820150504	0.9464575446187127
2	processing_cohort	PCA pseudobulk	processing_cohort	86	0.2989070091605056	0.6281751820150504	0.8880475932936722
2	processing_cohort	PCA pseudobulk	unadjusted	86	0.2989070091605056	0.6281751820150504	0.934559221200649
2	demographic	Frozen Geneformer	demographic	227	0.3562009496448111	0.7249826424057451	0.9688013136288999
2	demographic	Frozen Geneformer	unadjusted	227	0.3562009496448111	0.7249826424057451	0.9738916256157635
2	demographic	Mean-HVG pseudobulk	demographic	227	0.3562009496448111	0.7249826424057451	0.9801313628899836
2	demographic	Mean-HVG pseudobulk	unadjusted	227	0.3562009496448111	0.7249826424057451	0.9874384236453202
2	demographic	PCA pseudobulk	demographic	227	0.3562009496448111	0.7249826424057451	0.9760262725779967
2	demographic	PCA pseudobulk	unadjusted	227	0.3562009496448111	0.7249826424057451	0.9757799671592775
2	combined	Frozen Geneformer	combined	42	0.25222212594017956	0.5343804257973326	0.888888888888889
2	combined	Frozen Geneformer	unadjusted	42	0.25222212594017956	0.5343804257973326	0.8842592592592593
2	combined	Mean-HVG pseudobulk	combined	42	0.25222212594017956	0.5343804257973326	0.8125
2	combined	Mean-HVG pseudobulk	unadjusted	42	0.25222212594017956	0.5343804257973326	0.9236111111111112
2	combined	PCA pseudobulk	combined	42	0.25222212594017956	0.5343804257973326	0.912037037037037
2	combined	PCA pseudobulk	unadjusted	42	0.25222212594017956	0.5343804257973326	0.8819444444444444
3	cell_yield	Frozen Geneformer	cell_yield	192	0.3016001494689406	0.681418814326999	0.957054512139258
3	cell_yield	Frozen Geneformer	unadjusted	192	0.3016001494689406	0.681418814326999	0.9666743014200642
3	cell_yield	Mean-HVG pseudobulk	cell_yield	192	0.3016001494689406	0.681418814326999	0.972858451672011
3	cell_yield	Mean-HVG pseudobulk	unadjusted	192	0.3016001494689406	0.681418814326999	0.9853412734768667
3	cell_yield	PCA pseudobulk	cell_yield	192	0.3016001494689406	0.681418814326999	0.9596885020613833
3	cell_yield	PCA pseudobulk	unadjusted	192	0.3016001494689406	0.681418814326999	0.9721713238662391
3	qc_core	Frozen Geneformer	qc_core	165	0.2474125869006538	0.6890839678294906	0.940672963400236
3	qc_core	Frozen Geneformer	unadjusted	165	0.2474125869006538	0.6890839678294906	0.9691558441558441
3	qc_core	Mean-HVG pseudobulk	qc_core	165	0.2474125869006538	0.6890839678294906	0.9732880755608029
3	qc_core	Mean-HVG pseudobulk	unadjusted	165	0.2474125869006538	0.6890839678294906	0.985094451003542
3	qc_core	PCA pseudobulk	qc_core	165	0.2474125869006538	0.6890839678294906	0.9502656434474616
3	qc_core	PCA pseudobulk	unadjusted	165	0.2474125869006538	0.6890839678294906	0.9695985832349469
3	acquisition_structure	Frozen Geneformer	acquisition_structure	202	0.2954339597420019	0.5159107303412604	0.9761904761904763
3	acquisition_structure	Frozen Geneformer	unadjusted	202	0.2954339597420019	0.5159107303412604	0.9790100250626567
3	acquisition_structure	Mean-HVG pseudobulk	acquisition_structure	202	0.2954339597420019	0.5159107303412604	0.9908103592314119
3	acquisition_structure	Mean-HVG pseudobulk	unadjusted	202	0.2954339597420019	0.5159107303412604	0.9899749373433584
3	acquisition_structure	PCA pseudobulk	acquisition_structure	202	0.2954339597420019	0.5159107303412604	0.9785923141186299
3	acquisition_structure	PCA pseudobulk	unadjusted	202	0.2954339597420019	0.5159107303412604	0.97890559732665
3	processing_cohort	Frozen Geneformer	processing_cohort	87	0.3082283099407868	0.6619438325444855	0.9052910052910053
3	processing_cohort	Frozen Geneformer	unadjusted	87	0.3082283099407868	0.6619438325444855	0.9391534391534391
3	processing_cohort	Mean-HVG pseudobulk	processing_cohort	87	0.3082283099407868	0.6619438325444855	0.7756613756613756
3	processing_cohort	Mean-HVG pseudobulk	unadjusted	87	0.3082283099407868	0.6619438325444855	0.9624338624338625
3	processing_cohort	PCA pseudobulk	processing_cohort	87	0.3082283099407868	0.6619438325444855	0.8888888888888888
3	processing_cohort	PCA pseudobulk	unadjusted	87	0.3082283099407868	0.6619438325444855	0.9380952380952381
3	demographic	Frozen Geneformer	demographic	224	0.3593025866346184	0.715478582260023	0.9607792873622147
3	demographic	Frozen Geneformer	unadjusted	224	0.3593025866346184	0.715478582260023	0.9716312056737588
3	demographic	Mean-HVG pseudobulk	demographic	224	0.3593025866346184	0.715478582260023	0.9765871998632829
3	demographic	Mean-HVG pseudobulk	unadjusted	224	0.3593025866346184	0.715478582260023	0.9877809108775527
3	demographic	PCA pseudobulk	demographic	224	0.3593025866346184	0.715478582260023	0.9694950012817226
3	demographic	PCA pseudobulk	unadjusted	224	0.3593025866346184	0.715478582260023	0.9772707852687346
3	combined	Frozen Geneformer	combined	45	0.28296425090808375	0.5377989662818498	0.8794466403162056
3	combined	Frozen Geneformer	unadjusted	45	0.28296425090808375	0.5377989662818498	0.9110671936758894
3	combined	Mean-HVG pseudobulk	combined	45	0.28296425090808375	0.5377989662818498	0.8458498023715415
3	combined	Mean-HVG pseudobulk	unadjusted	45	0.28296425090808375	0.5377989662818498	0.9624505928853755
3	combined	PCA pseudobulk	combined	45	0.28296425090808375	0.5377989662818498	0.9367588932806324
3	combined	PCA pseudobulk	unadjusted	45	0.28296425090808375	0.5377989662818498	0.9268774703557312
4	cell_yield	Frozen Geneformer	cell_yield	188	0.2948847748688256	0.6745561557797504	0.9474869606448554
4	cell_yield	Frozen Geneformer	unadjusted	188	0.2948847748688256	0.6745561557797504	0.9707207207207207
4	cell_yield	Mean-HVG pseudobulk	cell_yield	188	0.2948847748688256	0.6745561557797504	0.9758179231863442
4	cell_yield	Mean-HVG pseudobulk	unadjusted	188	0.2948847748688256	0.6745561557797504	0.984945471787577
4	cell_yield	PCA pseudobulk	cell_yield	188	0.2948847748688256	0.6745561557797504	0.9492650545282124
4	cell_yield	PCA pseudobulk	unadjusted	188	0.2948847748688256	0.6745561557797504	0.9719061166429588
4	qc_core	Frozen Geneformer	qc_core	162	0.23629767698367768	0.6761975636739673	0.9417876241405654
4	qc_core	Frozen Geneformer	unadjusted	162	0.23629767698367768	0.6761975636739673	0.9763177998472116
4	qc_core	Mean-HVG pseudobulk	qc_core	162	0.23629767698367768	0.6761975636739673	0.985485103132162
4	qc_core	Mean-HVG pseudobulk	unadjusted	162	0.23629767698367768	0.6761975636739673	0.9874713521772346
4	qc_core	PCA pseudobulk	qc_core	162	0.23629767698367768	0.6761975636739673	0.9517188693659282
4	qc_core	PCA pseudobulk	unadjusted	162	0.23629767698367768	0.6761975636739673	0.9718869365928189
4	acquisition_structure	Frozen Geneformer	acquisition_structure	202	0.2805386755176936	0.5149729154984415	0.9732987012987013
4	acquisition_structure	Frozen Geneformer	unadjusted	202	0.2805386755176936	0.5149729154984415	0.9776623376623377
4	acquisition_structure	Mean-HVG pseudobulk	acquisition_structure	202	0.2805386755176936	0.5149729154984415	0.9867012987012986
4	acquisition_structure	Mean-HVG pseudobulk	unadjusted	202	0.2805386755176936	0.5149729154984415	0.9883636363636363
4	acquisition_structure	PCA pseudobulk	acquisition_structure	202	0.2805386755176936	0.5149729154984415	0.971116883116883
4	acquisition_structure	PCA pseudobulk	unadjusted	202	0.2805386755176936	0.5149729154984415	0.9764155844155844
4	processing_cohort	Frozen Geneformer	processing_cohort	86	0.3151242621388177	0.6713966151278444	0.8799351000540833
4	processing_cohort	Frozen Geneformer	unadjusted	86	0.3151242621388177	0.6713966151278444	0.9085992428339643
4	processing_cohort	Mean-HVG pseudobulk	processing_cohort	86	0.3151242621388177	0.6713966151278444	0.8350459707950243
4	processing_cohort	Mean-HVG pseudobulk	unadjusted	86	0.3151242621388177	0.6713966151278444	0.9540292049756625
4	processing_cohort	PCA pseudobulk	processing_cohort	86	0.3151242621388177	0.6713966151278444	0.8983234180638182
4	processing_cohort	PCA pseudobulk	unadjusted	86	0.3151242621388177	0.6713966151278444	0.924283396430503
4	demographic	Frozen Geneformer	demographic	232	0.34308951038106233	0.7379704184814818	0.9630681818181818
4	demographic	Frozen Geneformer	unadjusted	232	0.34308951038106233	0.7379704184814818	0.9733270202020202
4	demographic	Mean-HVG pseudobulk	demographic	232	0.34308951038106233	0.7379704184814818	0.9803503787878788
4	demographic	Mean-HVG pseudobulk	unadjusted	232	0.34308951038106233	0.7379704184814818	0.9884785353535354
4	demographic	PCA pseudobulk	demographic	232	0.34308951038106233	0.7379704184814818	0.9708017676767677
4	demographic	PCA pseudobulk	unadjusted	232	0.34308951038106233	0.7379704184814818	0.978219696969697
4	combined	Frozen Geneformer	combined	55	0.25175604349434816	0.6123554936017167	0.8673740053050398
4	combined	Frozen Geneformer	unadjusted	55	0.25175604349434816	0.6123554936017167	0.9005305039787799
4	combined	Mean-HVG pseudobulk	combined	55	0.25175604349434816	0.6123554936017167	0.9098143236074271
4	combined	Mean-HVG pseudobulk	unadjusted	55	0.25175604349434816	0.6123554936017167	0.960212201591512
4	combined	PCA pseudobulk	combined	55	0.25175604349434816	0.6123554936017167	0.9124668435013263
4	combined	PCA pseudobulk	unadjusted	55	0.25175604349434816	0.6123554936017167	0.9137931034482758
5	cell_yield	Frozen Geneformer	cell_yield	180	0.27643041349960756	0.6556771806808702	0.9532428355957768
5	cell_yield	Frozen Geneformer	unadjusted	180	0.27643041349960756	0.6556771806808702	0.9718451483157364
5	cell_yield	Mean-HVG pseudobulk	cell_yield	180	0.27643041349960756	0.6556771806808702	0.9786324786324786
5	cell_yield	Mean-HVG pseudobulk	unadjusted	180	0.27643041349960756	0.6556771806808702	0.9861739567621921
5	cell_yield	PCA pseudobulk	cell_yield	180	0.27643041349960756	0.6556771806808702	0.9635495223730519
5	cell_yield	PCA pseudobulk	unadjusted	180	0.27643041349960756	0.6556771806808702	0.9768728004022122
5	qc_core	Frozen Geneformer	qc_core	155	0.2557533252110917	0.6508758088450828	0.9506666666666668
5	qc_core	Frozen Geneformer	unadjusted	155	0.2557533252110917	0.6508758088450828	0.9756666666666666
5	qc_core	Mean-HVG pseudobulk	qc_core	155	0.2557533252110917	0.6508758088450828	0.985
5	qc_core	Mean-HVG pseudobulk	unadjusted	155	0.2557533252110917	0.6508758088450828	0.9894999999999999
5	qc_core	PCA pseudobulk	qc_core	155	0.2557533252110917	0.6508758088450828	0.9611666666666666
5	qc_core	PCA pseudobulk	unadjusted	155	0.2557533252110917	0.6508758088450828	0.9728333333333333
5	acquisition_structure	Frozen Geneformer	acquisition_structure	204	0.2874207604338894	0.5159365457275893	0.9702278481012658
5	acquisition_structure	Frozen Geneformer	unadjusted	204	0.2874207604338894	0.5159365457275893	0.9767088607594936
5	acquisition_structure	Mean-HVG pseudobulk	acquisition_structure	204	0.2874207604338894	0.5159365457275893	0.9863291139240506
5	acquisition_structure	Mean-HVG pseudobulk	unadjusted	204	0.2874207604338894	0.5159365457275893	0.9885569620253164
5	acquisition_structure	PCA pseudobulk	acquisition_structure	204	0.2874207604338894	0.5159365457275893	0.9755949367088608
5	acquisition_structure	PCA pseudobulk	unadjusted	204	0.2874207604338894	0.5159365457275893	0.9796455696202532
5	processing_cohort	Frozen Geneformer	processing_cohort	76	0.3097261045195554	0.6163819903929516	0.8970588235294118
5	processing_cohort	Frozen Geneformer	unadjusted	76	0.3097261045195554	0.6163819903929516	0.930672268907563
5	processing_cohort	Mean-HVG pseudobulk	processing_cohort	76	0.3097261045195554	0.6163819903929516	0.819327731092437
5	processing_cohort	Mean-HVG pseudobulk	unadjusted	76	0.3097261045195554	0.6163819903929516	0.9684873949579831
5	processing_cohort	PCA pseudobulk	processing_cohort	76	0.3097261045195554	0.6163819903929516	0.9068627450980392
5	processing_cohort	PCA pseudobulk	unadjusted	76	0.3097261045195554	0.6163819903929516	0.9467787114845939
5	demographic	Frozen Geneformer	demographic	221	0.3636829054508986	0.7091900549154163	0.9661344095455342
5	demographic	Frozen Geneformer	unadjusted	221	0.3636829054508986	0.7091900549154163	0.9720126337954027
5	demographic	Mean-HVG pseudobulk	demographic	221	0.3636829054508986	0.7091900549154163	0.9763116336199333
5	demographic	Mean-HVG pseudobulk	unadjusted	221	0.3636829054508986	0.7091900549154163	0.9854360414107738
5	demographic	PCA pseudobulk	demographic	221	0.3636829054508986	0.7091900549154163	0.9716616950342165
5	demographic	PCA pseudobulk	unadjusted	221	0.3636829054508986	0.7091900549154163	0.9789436743288297
5	combined	Frozen Geneformer	combined	49	0.2568366678356944	0.5570574744764187	0.8193979933110368
5	combined	Frozen Geneformer	unadjusted	49	0.2568366678356944	0.5570574744764187	0.8795986622073578
5	combined	Mean-HVG pseudobulk	combined	49	0.2568366678356944	0.5570574744764187	0.8712374581939799
5	combined	Mean-HVG pseudobulk	unadjusted	49	0.2568366678356944	0.5570574744764187	0.9498327759197325
5	combined	PCA pseudobulk	combined	49	0.2568366678356944	0.5570574744764187	0.8712374581939799
5	combined	PCA pseudobulk	unadjusted	49	0.2568366678356944	0.5570574744764187	0.9180602006688964
6	cell_yield	Frozen Geneformer	cell_yield	198	0.2851708913262212	0.7029779387706387	0.9499568593615185
6	cell_yield	Frozen Geneformer	unadjusted	198	0.2851708913262212	0.7029779387706387	0.9676445211389129
6	cell_yield	Mean-HVG pseudobulk	cell_yield	198	0.2851708913262212	0.7029779387706387	0.9819887834339948
6	cell_yield	Mean-HVG pseudobulk	unadjusted	198	0.2851708913262212	0.7029779387706387	0.9874892148403797
6	cell_yield	PCA pseudobulk	cell_yield	198	0.2851708913262212	0.7029779387706387	0.9605263157894737
6	cell_yield	PCA pseudobulk	unadjusted	198	0.2851708913262212	0.7029779387706387	0.9682916307161347
6	qc_core	Frozen Geneformer	qc_core	166	0.2427719260024617	0.7031455444884983	0.9457172041441705
6	qc_core	Frozen Geneformer	unadjusted	166	0.2427719260024617	0.7031455444884983	0.9765066394279878
6	qc_core	Mean-HVG pseudobulk	qc_core	166	0.2427719260024617	0.7031455444884983	0.9899314168977091
6	qc_core	Mean-HVG pseudobulk	unadjusted	166	0.2427719260024617	0.7031455444884983	0.9919743178170144
6	qc_core	PCA pseudobulk	qc_core	166	0.2427719260024617	0.7031455444884983	0.962352254487086
6	qc_core	PCA pseudobulk	unadjusted	166	0.2427719260024617	0.7031455444884983	0.9718371516124326
6	acquisition_structure	Frozen Geneformer	acquisition_structure	201	0.2949513970298145	0.518470127954218	0.974920634920635
6	acquisition_structure	Frozen Geneformer	unadjusted	201	0.2949513970298145	0.518470127954218	0.976931216931217
6	acquisition_structure	Mean-HVG pseudobulk	acquisition_structure	201	0.2949513970298145	0.518470127954218	0.9887830687830688
6	acquisition_structure	Mean-HVG pseudobulk	unadjusted	201	0.2949513970298145	0.518470127954218	0.9901587301587301
6	acquisition_structure	PCA pseudobulk	acquisition_structure	201	0.2949513970298145	0.518470127954218	0.9791534391534391
6	acquisition_structure	PCA pseudobulk	unadjusted	201	0.2949513970298145	0.518470127954218	0.975026455026455
6	processing_cohort	Frozen Geneformer	processing_cohort	94	0.3020411045740324	0.6785820047734109	0.8886363636363636
6	processing_cohort	Frozen Geneformer	unadjusted	94	0.3020411045740324	0.6785820047734109	0.9145454545454546
6	processing_cohort	Mean-HVG pseudobulk	processing_cohort	94	0.3020411045740324	0.6785820047734109	0.8522727272727273
6	processing_cohort	Mean-HVG pseudobulk	unadjusted	94	0.3020411045740324	0.6785820047734109	0.9581818181818181
6	processing_cohort	PCA pseudobulk	processing_cohort	94	0.3020411045740324	0.6785820047734109	0.8927272727272727
6	processing_cohort	PCA pseudobulk	unadjusted	94	0.3020411045740324	0.6785820047734109	0.935
6	demographic	Frozen Geneformer	demographic	230	0.35455997286991014	0.7354440678525527	0.9634273772204808
6	demographic	Frozen Geneformer	unadjusted	230	0.35455997286991014	0.7354440678525527	0.9754039064383893
6	demographic	Mean-HVG pseudobulk	demographic	230	0.35455997286991014	0.7354440678525527	0.9800659111003938
6	demographic	Mean-HVG pseudobulk	unadjusted	230	0.35455997286991014	0.7354440678525527	0.9898721967687485
6	demographic	PCA pseudobulk	demographic	230	0.35455997286991014	0.7354440678525527	0.9706615223856604
6	demographic	PCA pseudobulk	unadjusted	230	0.35455997286991014	0.7354440678525527	0.9776545293786673
6	combined	Frozen Geneformer	combined	48	0.29982806578955334	0.5975538878828373	0.871252204585538
6	combined	Frozen Geneformer	unadjusted	48	0.29982806578955334	0.5975538878828373	0.8765432098765432
6	combined	Mean-HVG pseudobulk	combined	48	0.29982806578955334	0.5975538878828373	0.9153439153439153
6	combined	Mean-HVG pseudobulk	unadjusted	48	0.29982806578955334	0.5975538878828373	0.9647266313932981
6	combined	PCA pseudobulk	combined	48	0.29982806578955334	0.5975538878828373	0.927689594356261
6	combined	PCA pseudobulk	unadjusted	48	0.29982806578955334	0.5975538878828373	0.9276895943562611
7	cell_yield	Frozen Geneformer	cell_yield	201	0.28191417616243664	0.699422885297899	0.9374738165060745
7	cell_yield	Frozen Geneformer	unadjusted	201	0.28191417616243664	0.699422885297899	0.9600963552576456
7	cell_yield	Mean-HVG pseudobulk	cell_yield	201	0.28191417616243664	0.699422885297899	0.9680561374109761
7	cell_yield	Mean-HVG pseudobulk	unadjusted	201	0.28191417616243664	0.699422885297899	0.9865940511101802
7	cell_yield	PCA pseudobulk	cell_yield	201	0.28191417616243664	0.699422885297899	0.9631336405529953
7	cell_yield	PCA pseudobulk	unadjusted	201	0.28191417616243664	0.699422885297899	0.9660661918726434
7	qc_core	Frozen Geneformer	qc_core	170	0.2443312701241295	0.7151329296608999	0.9450549450549451
7	qc_core	Frozen Geneformer	unadjusted	170	0.2443312701241295	0.7151329296608999	0.9660592571984977
7	qc_core	Mean-HVG pseudobulk	qc_core	170	0.2443312701241295	0.7151329296608999	0.9819168173598554
7	qc_core	Mean-HVG pseudobulk	unadjusted	170	0.2443312701241295	0.7151329296608999	0.9885936847962165
7	qc_core	PCA pseudobulk	qc_core	170	0.2443312701241295	0.7151329296608999	0.9613298094310753
7	qc_core	PCA pseudobulk	unadjusted	170	0.2443312701241295	0.7151329296608999	0.9673111698428154
7	acquisition_structure	Frozen Geneformer	acquisition_structure	204	0.26417813447569527	0.5115515618442458	0.9655696202531645
7	acquisition_structure	Frozen Geneformer	unadjusted	204	0.26417813447569527	0.5115515618442458	0.9705316455696202
7	acquisition_structure	Mean-HVG pseudobulk	acquisition_structure	204	0.26417813447569527	0.5115515618442458	0.9858227848101266
7	acquisition_structure	Mean-HVG pseudobulk	unadjusted	204	0.26417813447569527	0.5115515618442458	0.9889620253164557
7	acquisition_structure	PCA pseudobulk	acquisition_structure	204	0.26417813447569527	0.5115515618442458	0.9716455696202532
7	acquisition_structure	PCA pseudobulk	unadjusted	204	0.26417813447569527	0.5115515618442458	0.9728607594936709
7	processing_cohort	Frozen Geneformer	processing_cohort	74	0.2836549061141681	0.6106791633043479	0.8747186796699175
7	processing_cohort	Frozen Geneformer	unadjusted	74	0.2836549061141681	0.6106791633043479	0.9069767441860466
7	processing_cohort	Mean-HVG pseudobulk	processing_cohort	74	0.2836549061141681	0.6106791633043479	0.8702175543885972
7	processing_cohort	Mean-HVG pseudobulk	unadjusted	74	0.2836549061141681	0.6106791633043479	0.9587396849212303
7	processing_cohort	PCA pseudobulk	processing_cohort	74	0.2836549061141681	0.6106791633043479	0.9234808702175544
7	processing_cohort	PCA pseudobulk	unadjusted	74	0.2836549061141681	0.6106791633043479	0.9279819954988747
7	demographic	Frozen Geneformer	demographic	226	0.36180736049254336	0.724029295419631	0.9567404426559356
7	demographic	Frozen Geneformer	unadjusted	226	0.36180736049254336	0.724029295419631	0.9631958417169685
7	demographic	Mean-HVG pseudobulk	demographic	226	0.36180736049254336	0.724029295419631	0.9790409121395037
7	demographic	Mean-HVG pseudobulk	unadjusted	226	0.36180736049254336	0.724029295419631	0.9866700201207244
7	demographic	PCA pseudobulk	demographic	226	0.36180736049254336	0.724029295419631	0.9686452045606976
7	demographic	PCA pseudobulk	unadjusted	226	0.36180736049254336	0.724029295419631	0.9719148222669349
7	combined	Frozen Geneformer	combined	49	0.3011417683081073	0.604175977493077	0.8929765886287625
7	combined	Frozen Geneformer	unadjusted	49	0.3011417683081073	0.604175977493077	0.9096989966555185
7	combined	Mean-HVG pseudobulk	combined	49	0.3011417683081073	0.604175977493077	0.8896321070234114
7	combined	Mean-HVG pseudobulk	unadjusted	49	0.3011417683081073	0.604175977493077	0.9866220735785953
7	combined	PCA pseudobulk	combined	49	0.3011417683081073	0.604175977493077	0.9515050167224081
7	combined	PCA pseudobulk	unadjusted	49	0.3011417683081073	0.604175977493077	0.9331103678929766
8	cell_yield	Frozen Geneformer	cell_yield	185	0.287775522352042	0.661111838385477	0.9494205697730564
8	cell_yield	Frozen Geneformer	unadjusted	185	0.287775522352042	0.661111838385477	0.9699420569773056
8	cell_yield	Mean-HVG pseudobulk	cell_yield	185	0.287775522352042	0.661111838385477	0.9771849348140995
8	cell_yield	Mean-HVG pseudobulk	unadjusted	185	0.287775522352042	0.661111838385477	0.9878078223080637
8	cell_yield	PCA pseudobulk	cell_yield	185	0.287775522352042	0.661111838385477	0.954852728150652
8	cell_yield	PCA pseudobulk	unadjusted	185	0.287775522352042	0.661111838385477	0.9692177691936263
8	qc_core	Frozen Geneformer	qc_core	152	0.24820707993978247	0.6557872035958898	0.9489177489177489
8	qc_core	Frozen Geneformer	unadjusted	152	0.24820707993978247	0.6557872035958898	0.9726406926406928
8	qc_core	Mean-HVG pseudobulk	qc_core	152	0.24820707993978247	0.6557872035958898	0.9875324675324675
8	qc_core	Mean-HVG pseudobulk	unadjusted	152	0.24820707993978247	0.6557872035958898	0.98995670995671
8	qc_core	PCA pseudobulk	qc_core	152	0.24820707993978247	0.6557872035958898	0.9591341991341992
8	qc_core	PCA pseudobulk	unadjusted	152	0.24820707993978247	0.6557872035958898	0.9638095238095238
8	acquisition_structure	Frozen Geneformer	acquisition_structure	203	0.2901809357093652	0.5240408213729612	0.9736136878994022
8	acquisition_structure	Frozen Geneformer	unadjusted	203	0.2901809357093652	0.5240408213729612	0.9771181199752628
8	acquisition_structure	Mean-HVG pseudobulk	acquisition_structure	203	0.2901809357093652	0.5240408213729612	0.9863945578231292
8	acquisition_structure	Mean-HVG pseudobulk	unadjusted	203	0.2901809357093652	0.5240408213729612	0.9900020614306329
8	acquisition_structure	PCA pseudobulk	acquisition_structure	203	0.2901809357093652	0.5240408213729612	0.974129045557617
8	acquisition_structure	PCA pseudobulk	unadjusted	203	0.2901809357093652	0.5240408213729612	0.9761904761904763
8	processing_cohort	Frozen Geneformer	processing_cohort	84	0.3024891720158668	0.6324560111497926	0.9228587634713556
8	processing_cohort	Frozen Geneformer	unadjusted	84	0.3024891720158668	0.6324560111497926	0.9290981281905842
8	processing_cohort	Mean-HVG pseudobulk	processing_cohort	84	0.3024891720158668	0.6324560111497926	0.7923993193420307
8	processing_cohort	Mean-HVG pseudobulk	unadjusted	84	0.3024891720158668	0.6324560111497926	0.9580260918888258
8	processing_cohort	PCA pseudobulk	processing_cohort	84	0.3024891720158668	0.6324560111497926	0.9069767441860467
8	processing_cohort	PCA pseudobulk	unadjusted	84	0.3024891720158668	0.6324560111497926	0.949517867271696
8	demographic	Frozen Geneformer	demographic	224	0.3687371514478423	0.721812305835289	0.9586462919796253
8	demographic	Frozen Geneformer	unadjusted	224	0.3687371514478423	0.721812305835289	0.9690926357593024
8	demographic	Mean-HVG pseudobulk	demographic	224	0.3687371514478423	0.721812305835289	0.9782439782439782
8	demographic	Mean-HVG pseudobulk	unadjusted	224	0.3687371514478423	0.721812305835289	0.9873953207286541
8	demographic	PCA pseudobulk	demographic	224	0.3687371514478423	0.721812305835289	0.9665026331692999
8	demographic	PCA pseudobulk	unadjusted	224	0.3687371514478423	0.721812305835289	0.9718553051886385
8	combined	Frozen Geneformer	combined	44	0.25928152077906985	0.4974544931133407	0.8867521367521368
8	combined	Frozen Geneformer	unadjusted	44	0.25928152077906985	0.4974544931133407	0.8547008547008548
8	combined	Mean-HVG pseudobulk	combined	44	0.25928152077906985	0.4974544931133407	0.8888888888888888
8	combined	Mean-HVG pseudobulk	unadjusted	44	0.25928152077906985	0.4974544931133407	0.9401709401709402
8	combined	PCA pseudobulk	combined	44	0.25928152077906985	0.4974544931133407	0.9508547008547008
8	combined	PCA pseudobulk	unadjusted	44	0.25928152077906985	0.4974544931133407	0.9166666666666667
9	cell_yield	Frozen Geneformer	cell_yield	185	0.2881190121867063	0.6656427638143539	0.9563013037180106
9	cell_yield	Frozen Geneformer	unadjusted	185	0.2881190121867063	0.6656427638143539	0.969097054563013
9	cell_yield	Mean-HVG pseudobulk	cell_yield	185	0.2881190121867063	0.6656427638143539	0.9713906325446644
9	cell_yield	Mean-HVG pseudobulk	unadjusted	185	0.2881190121867063	0.6656427638143539	0.9852728150651859
9	cell_yield	PCA pseudobulk	cell_yield	185	0.2881190121867063	0.6656427638143539	0.9578705939159826
9	cell_yield	PCA pseudobulk	unadjusted	185	0.2881190121867063	0.6656427638143539	0.9705456301303719
9	qc_core	Frozen Geneformer	qc_core	161	0.2392863023245708	0.6822053249716403	0.9434984520123839
9	qc_core	Frozen Geneformer	unadjusted	161	0.2392863023245708	0.6822053249716403	0.9763157894736841
9	qc_core	Mean-HVG pseudobulk	qc_core	161	0.2392863023245708	0.6822053249716403	0.9787925696594427
9	qc_core	Mean-HVG pseudobulk	unadjusted	161	0.2392863023245708	0.6822053249716403	0.9890092879256965
9	qc_core	PCA pseudobulk	qc_core	161	0.2392863023245708	0.6822053249716403	0.9571207430340558
9	qc_core	PCA pseudobulk	unadjusted	161	0.2392863023245708	0.6822053249716403	0.9721362229102167
9	acquisition_structure	Frozen Geneformer	acquisition_structure	203	0.28935199952606583	0.5175647172706184	0.9751794871794872
9	acquisition_structure	Frozen Geneformer	unadjusted	203	0.28935199952606583	0.5175647172706184	0.9765128205128206
9	acquisition_structure	Mean-HVG pseudobulk	acquisition_structure	203	0.28935199952606583	0.5175647172706184	0.9884102564102565
9	acquisition_structure	Mean-HVG pseudobulk	unadjusted	203	0.28935199952606583	0.5175647172706184	0.9894358974358974
9	acquisition_structure	PCA pseudobulk	acquisition_structure	203	0.28935199952606583	0.5175647172706184	0.9773333333333333
9	acquisition_structure	PCA pseudobulk	unadjusted	203	0.28935199952606583	0.5175647172706184	0.9773333333333333
9	processing_cohort	Frozen Geneformer	processing_cohort	86	0.3006789014626224	0.6908322321290841	0.9262872628726287
9	processing_cohort	Frozen Geneformer	unadjusted	86	0.3006789014626224	0.6908322321290841	0.9425474254742547
9	processing_cohort	Mean-HVG pseudobulk	processing_cohort	86	0.3006789014626224	0.6908322321290841	0.7826558265582656
9	processing_cohort	Mean-HVG pseudobulk	unadjusted	86	0.3006789014626224	0.6908322321290841	0.9631436314363144
9	processing_cohort	PCA pseudobulk	processing_cohort	86	0.3006789014626224	0.6908322321290841	0.9235772357723578
9	processing_cohort	PCA pseudobulk	unadjusted	86	0.3006789014626224	0.6908322321290841	0.9441734417344174
9	demographic	Frozen Geneformer	demographic	228	0.36135505187214767	0.7234279307629009	0.9566819521781854
9	demographic	Frozen Geneformer	unadjusted	228	0.36135505187214767	0.7234279307629009	0.9726498526039962
9	demographic	Mean-HVG pseudobulk	demographic	228	0.36135505187214767	0.7234279307629009	0.9746970193252539
9	demographic	Mean-HVG pseudobulk	unadjusted	228	0.36135505187214767	0.7234279307629009	0.9868162463150999
9	demographic	PCA pseudobulk	demographic	228	0.36135505187214767	0.7234279307629009	0.9684736324926303
9	demographic	PCA pseudobulk	unadjusted	228	0.36135505187214767	0.7234279307629009	0.9764985260399607
9	combined	Frozen Geneformer	combined	49	0.25444479878963006	0.6006497284040063	0.9023569023569024
9	combined	Frozen Geneformer	unadjusted	49	0.25444479878963006	0.6006497284040063	0.8838383838383839
9	combined	Mean-HVG pseudobulk	combined	49	0.25444479878963006	0.6006497284040063	0.867003367003367
9	combined	Mean-HVG pseudobulk	unadjusted	49	0.25444479878963006	0.6006497284040063	0.9360269360269361
9	combined	PCA pseudobulk	combined	49	0.25444479878963006	0.6006497284040063	0.9124579124579123
9	combined	PCA pseudobulk	unadjusted	49	0.25444479878963006	0.6006497284040063	0.8905723905723905
10	cell_yield	Frozen Geneformer	cell_yield	191	0.2878232831179493	0.6857247624623727	0.9608454608454609
10	cell_yield	Frozen Geneformer	unadjusted	191	0.2878232831179493	0.6857247624623727	0.9705474705474705
10	cell_yield	Mean-HVG pseudobulk	cell_yield	191	0.2878232831179493	0.6857247624623727	0.9784014784014784
10	cell_yield	Mean-HVG pseudobulk	unadjusted	191	0.2878232831179493	0.6857247624623727	0.9845229845229846
10	cell_yield	PCA pseudobulk	cell_yield	191	0.2878232831179493	0.6857247624623727	0.9673134673134673
10	cell_yield	PCA pseudobulk	unadjusted	191	0.2878232831179493	0.6857247624623727	0.97008547008547
10	qc_core	Frozen Geneformer	qc_core	161	0.24053705634282266	0.6791283470088852	0.9411492122335496
10	qc_core	Frozen Geneformer	unadjusted	161	0.24053705634282266	0.6791283470088852	0.9666357738646895
10	qc_core	Mean-HVG pseudobulk	qc_core	161	0.24053705634282266	0.6791283470088852	0.9802286067346309
10	qc_core	Mean-HVG pseudobulk	unadjusted	161	0.24053705634282266	0.6791283470088852	0.9843991350015446
10	qc_core	PCA pseudobulk	qc_core	161	0.24053705634282266	0.6791283470088852	0.955205437133148
10	qc_core	PCA pseudobulk	unadjusted	161	0.24053705634282266	0.6791283470088852	0.9621563175780043
10	acquisition_structure	Frozen Geneformer	acquisition_structure	200	0.2881700553705965	0.5137901426674557	0.9733333333333333
10	acquisition_structure	Frozen Geneformer	unadjusted	200	0.2881700553705965	0.5137901426674557	0.9749333333333333
10	acquisition_structure	Mean-HVG pseudobulk	acquisition_structure	200	0.2881700553705965	0.5137901426674557	0.98784
10	acquisition_structure	Mean-HVG pseudobulk	unadjusted	200	0.2881700553705965	0.5137901426674557	0.98656
10	acquisition_structure	PCA pseudobulk	acquisition_structure	200	0.2881700553705965	0.5137901426674557	0.9768533333333334
10	acquisition_structure	PCA pseudobulk	unadjusted	200	0.2881700553705965	0.5137901426674557	0.9729066666666666
10	processing_cohort	Frozen Geneformer	processing_cohort	97	0.2805921254822245	0.6329742456780373	0.9047619047619048
10	processing_cohort	Frozen Geneformer	unadjusted	97	0.2805921254822245	0.6329742456780373	0.9102891156462585
10	processing_cohort	Mean-HVG pseudobulk	processing_cohort	97	0.2805921254822245	0.6329742456780373	0.8312074829931971
10	processing_cohort	Mean-HVG pseudobulk	unadjusted	97	0.2805921254822245	0.6329742456780373	0.953656462585034
10	processing_cohort	PCA pseudobulk	processing_cohort	97	0.2805921254822245	0.6329742456780373	0.9068877551020408
10	processing_cohort	PCA pseudobulk	unadjusted	97	0.2805921254822245	0.6329742456780373	0.9349489795918368
10	demographic	Frozen Geneformer	demographic	223	0.36440017750433296	0.7125147589264628	0.9583476764199657
10	demographic	Frozen Geneformer	unadjusted	223	0.36440017750433296	0.7125147589264628	0.9701376936316696
10	demographic	Mean-HVG pseudobulk	demographic	223	0.36440017750433296	0.7125147589264628	0.9787435456110155
10	demographic	Mean-HVG pseudobulk	unadjusted	223	0.36440017750433296	0.7125147589264628	0.9873493975903613
10	demographic	PCA pseudobulk	demographic	223	0.36440017750433296	0.7125147589264628	0.967039586919105
10	demographic	PCA pseudobulk	unadjusted	223	0.36440017750433296	0.7125147589264628	0.973407917383821
10	combined	Frozen Geneformer	combined	47	0.2815119043240581	0.5809478499233415	0.8864468864468864
10	combined	Frozen Geneformer	unadjusted	47	0.2815119043240581	0.5809478499233415	0.8791208791208791
10	combined	Mean-HVG pseudobulk	combined	47	0.2815119043240581	0.5809478499233415	0.9230769230769231
10	combined	Mean-HVG pseudobulk	unadjusted	47	0.2815119043240581	0.5809478499233415	0.9432234432234432
10	combined	PCA pseudobulk	combined	47	0.2815119043240581	0.5809478499233415	0.9358974358974359
10	combined	PCA pseudobulk	unadjusted	47	0.2815119043240581	0.5809478499233415	0.9157509157509157
11	cell_yield	Frozen Geneformer	cell_yield	182	0.287102800700072	0.6588535160533187	0.9531464174454828
11	cell_yield	Frozen Geneformer	unadjusted	182	0.287102800700072	0.6588535160533187	0.969595015576324
11	cell_yield	Mean-HVG pseudobulk	cell_yield	182	0.287102800700072	0.6588535160533187	0.9727102803738318
11	cell_yield	Mean-HVG pseudobulk	unadjusted	182	0.287102800700072	0.6588535160533187	0.9854205607476636
11	cell_yield	PCA pseudobulk	cell_yield	182	0.287102800700072	0.6588535160533187	0.9606230529595015
11	cell_yield	PCA pseudobulk	unadjusted	182	0.287102800700072	0.6588535160533187	0.9734579439252335
11	qc_core	Frozen Geneformer	qc_core	158	0.24435485468944007	0.6610956034276182	0.9520218228498074
11	qc_core	Frozen Geneformer	unadjusted	158	0.24435485468944007	0.6610956034276182	0.9768934531450577
11	qc_core	Mean-HVG pseudobulk	qc_core	158	0.24435485468944007	0.6610956034276182	0.9847560975609757
11	qc_core	Mean-HVG pseudobulk	unadjusted	158	0.24435485468944007	0.6610956034276182	0.9895699614890885
11	qc_core	PCA pseudobulk	qc_core	158	0.24435485468944007	0.6610956034276182	0.9624518613607188
11	qc_core	PCA pseudobulk	unadjusted	158	0.24435485468944007	0.6610956034276182	0.9754492939666238
11	acquisition_structure	Frozen Geneformer	acquisition_structure	206	0.27286659922629386	0.5149207966680643	0.9703703703703705
11	acquisition_structure	Frozen Geneformer	unadjusted	206	0.27286659922629386	0.5149207966680643	0.9738271604938272
11	acquisition_structure	Mean-HVG pseudobulk	acquisition_structure	206	0.27286659922629386	0.5149207966680643	0.9860740740740741
11	acquisition_structure	Mean-HVG pseudobulk	unadjusted	206	0.27286659922629386	0.5149207966680643	0.9879506172839506
11	acquisition_structure	PCA pseudobulk	acquisition_structure	206	0.27286659922629386	0.5149207966680643	0.9737283950617285
11	acquisition_structure	PCA pseudobulk	unadjusted	206	0.27286659922629386	0.5149207966680643	0.9813333333333334
11	processing_cohort	Frozen Geneformer	processing_cohort	75	0.3117238998211072	0.6146883304984619	0.8938307030129125
11	processing_cohort	Frozen Geneformer	unadjusted	75	0.3117238998211072	0.6146883304984619	0.9261119081779053
11	processing_cohort	Mean-HVG pseudobulk	processing_cohort	75	0.3117238998211072	0.6146883304984619	0.8830703012912482
11	processing_cohort	Mean-HVG pseudobulk	unadjusted	75	0.3117238998211072	0.6146883304984619	0.9684361549497847
11	processing_cohort	PCA pseudobulk	processing_cohort	75	0.3117238998211072	0.6146883304984619	0.9383070301291248
11	processing_cohort	PCA pseudobulk	unadjusted	75	0.3117238998211072	0.6146883304984619	0.9677187948350072
11	demographic	Frozen Geneformer	demographic	227	0.35559557244770656	0.7195787238239146	0.9633004926108374
11	demographic	Frozen Geneformer	unadjusted	227	0.35559557244770656	0.7195787238239146	0.9740558292282431
11	demographic	Mean-HVG pseudobulk	demographic	227	0.35559557244770656	0.7195787238239146	0.9811986863711001
11	demographic	Mean-HVG pseudobulk	unadjusted	227	0.35559557244770656	0.7195787238239146	0.9878489326765189
11	demographic	PCA pseudobulk	demographic	227	0.35559557244770656	0.7195787238239146	0.9738916256157636
11	demographic	PCA pseudobulk	unadjusted	227	0.35559557244770656	0.7195787238239146	0.9802134646962233
11	combined	Frozen Geneformer	combined	37	0.30030396905120715	0.5264032792448138	0.8976608187134503
11	combined	Frozen Geneformer	unadjusted	37	0.30030396905120715	0.5264032792448138	0.8771929824561404
11	combined	Mean-HVG pseudobulk	combined	37	0.30030396905120715	0.5264032792448138	0.9064327485380117
11	combined	Mean-HVG pseudobulk	unadjusted	37	0.30030396905120715	0.5264032792448138	0.9532163742690059
11	combined	PCA pseudobulk	combined	37	0.30030396905120715	0.5264032792448138	0.9239766081871346
11	combined	PCA pseudobulk	unadjusted	37	0.30030396905120715	0.5264032792448138	0.9093567251461989
12	cell_yield	Frozen Geneformer	cell_yield	188	0.29565692258841564	0.6693328784359784	0.9526149526149525
12	cell_yield	Frozen Geneformer	unadjusted	188	0.29565692258841564	0.6693328784359784	0.9719199719199719
12	cell_yield	Mean-HVG pseudobulk	cell_yield	188	0.29565692258841564	0.6693328784359784	0.9788229788229788
12	cell_yield	Mean-HVG pseudobulk	unadjusted	188	0.29565692258841564	0.6693328784359784	0.9868959868959869
12	cell_yield	PCA pseudobulk	cell_yield	188	0.29565692258841564	0.6693328784359784	0.9637299637299637
12	cell_yield	PCA pseudobulk	unadjusted	188	0.29565692258841564	0.6693328784359784	0.9743769743769745
12	qc_core	Frozen Geneformer	qc_core	160	0.23660604859837706	0.6775473378323398	0.9476235146966854
12	qc_core	Frozen Geneformer	unadjusted	160	0.23660604859837706	0.6775473378323398	0.9782676672920576
12	qc_core	Mean-HVG pseudobulk	qc_core	160	0.23660604859837706	0.6775473378323398	0.9868667917448405
12	qc_core	Mean-HVG pseudobulk	unadjusted	160	0.23660604859837706	0.6775473378323398	0.9915572232645404
12	qc_core	PCA pseudobulk	qc_core	160	0.23660604859837706	0.6775473378323398	0.9549718574108819
12	qc_core	PCA pseudobulk	unadjusted	160	0.23660604859837706	0.6775473378323398	0.976078799249531
12	acquisition_structure	Frozen Geneformer	acquisition_structure	207	0.2712621062028934	0.51398093528148	0.970964566929134
12	acquisition_structure	Frozen Geneformer	unadjusted	207	0.2712621062028934	0.51398093528148	0.974507874015748
12	acquisition_structure	Mean-HVG pseudobulk	acquisition_structure	207	0.2712621062028934	0.51398093528148	0.9870078740157481
12	acquisition_structure	Mean-HVG pseudobulk	unadjusted	207	0.2712621062028934	0.51398093528148	0.9881889763779528
12	acquisition_structure	PCA pseudobulk	acquisition_structure	207	0.2712621062028934	0.51398093528148	0.9749015748031495
12	acquisition_structure	PCA pseudobulk	unadjusted	207	0.2712621062028934	0.51398093528148	0.9776574803149606
12	processing_cohort	Frozen Geneformer	processing_cohort	82	0.2920656936740674	0.6197544966038887	0.9149315883402735
12	processing_cohort	Frozen Geneformer	unadjusted	82	0.2920656936740674	0.6197544966038887	0.9286139202855443
12	processing_cohort	Mean-HVG pseudobulk	processing_cohort	82	0.2920656936740674	0.6197544966038887	0.7965496728138013
12	processing_cohort	Mean-HVG pseudobulk	unadjusted	82	0.2920656936740674	0.6197544966038887	0.9649018441403926
12	processing_cohort	PCA pseudobulk	processing_cohort	82	0.2920656936740674	0.6197544966038887	0.9220701963117192
12	processing_cohort	PCA pseudobulk	unadjusted	82	0.2920656936740674	0.6197544966038887	0.9357525282569898
12	demographic	Frozen Geneformer	demographic	232	0.3598624351160642	0.7247651159472481	0.9628349178910978
12	demographic	Frozen Geneformer	unadjusted	232	0.3598624351160642	0.7247651159472481	0.9728137031507819
12	demographic	Mean-HVG pseudobulk	demographic	232	0.3598624351160642	0.7247651159472481	0.9778423823367643
12	demographic	Mean-HVG pseudobulk	unadjusted	232	0.3598624351160642	0.7247651159472481	0.9868782902490767
12	demographic	PCA pseudobulk	demographic	232	0.3598624351160642	0.7247651159472481	0.9724208375893768
12	demographic	PCA pseudobulk	unadjusted	232	0.3598624351160642	0.7247651159472481	0.9787066865718551
12	combined	Frozen Geneformer	combined	52	0.27411508967791065	0.5664891619533406	0.8476331360946746
12	combined	Frozen Geneformer	unadjusted	52	0.27411508967791065	0.5664891619533406	0.9156804733727811
12	combined	Mean-HVG pseudobulk	combined	52	0.27411508967791065	0.5664891619533406	0.8949704142011834
12	combined	Mean-HVG pseudobulk	unadjusted	52	0.27411508967791065	0.5664891619533406	0.9837278106508875
12	combined	PCA pseudobulk	combined	52	0.27411508967791065	0.5664891619533406	0.9363905325443787
12	combined	PCA pseudobulk	unadjusted	52	0.27411508967791065	0.5664891619533406	0.9349112426035503
13	cell_yield	Frozen Geneformer	cell_yield	186	0.27583322859714743	0.6722702576059498	0.9490051233170499
13	cell_yield	Frozen Geneformer	unadjusted	186	0.27583322859714743	0.6722702576059498	0.9689026569760515
13	cell_yield	Mean-HVG pseudobulk	cell_yield	186	0.27583322859714743	0.6722702576059498	0.9739068271178364
13	cell_yield	Mean-HVG pseudobulk	unadjusted	186	0.27583322859714743	0.6722702576059498	0.983438579768855
13	cell_yield	PCA pseudobulk	cell_yield	186	0.27583322859714743	0.6722702576059498	0.9552007625402121
13	cell_yield	PCA pseudobulk	unadjusted	186	0.27583322859714743	0.6722702576059498	0.9681877755272251
13	qc_core	Frozen Geneformer	qc_core	155	0.2570595834013898	0.6669508569176171	0.9541666666666666
13	qc_core	Frozen Geneformer	unadjusted	155	0.2570595834013898	0.6669508569176171	0.9756666666666667
13	qc_core	Mean-HVG pseudobulk	qc_core	155	0.2570595834013898	0.6669508569176171	0.9890000000000001
13	qc_core	Mean-HVG pseudobulk	unadjusted	155	0.2570595834013898	0.6669508569176171	0.987
13	qc_core	PCA pseudobulk	qc_core	155	0.2570595834013898	0.6669508569176171	0.9655
13	qc_core	PCA pseudobulk	unadjusted	155	0.2570595834013898	0.6669508569176171	0.9711666666666666
13	acquisition_structure	Frozen Geneformer	acquisition_structure	206	0.25729512072887345	0.5143694434187915	0.971358024691358
13	acquisition_structure	Frozen Geneformer	unadjusted	206	0.25729512072887345	0.5143694434187915	0.9766913580246913
13	acquisition_structure	Mean-HVG pseudobulk	acquisition_structure	206	0.25729512072887345	0.5143694434187915	0.9845925925925926
13	acquisition_structure	Mean-HVG pseudobulk	unadjusted	206	0.25729512072887345	0.5143694434187915	0.9870617283950618
13	acquisition_structure	PCA pseudobulk	acquisition_structure	206	0.25729512072887345	0.5143694434187915	0.974716049382716
13	acquisition_structure	PCA pseudobulk	unadjusted	206	0.25729512072887345	0.5143694434187915	0.9733333333333334
13	processing_cohort	Frozen Geneformer	processing_cohort	79	0.2912322784416843	0.6108885057444714	0.908974358974359
13	processing_cohort	Frozen Geneformer	unadjusted	79	0.2912322784416843	0.6108885057444714	0.9211538461538461
13	processing_cohort	Mean-HVG pseudobulk	processing_cohort	79	0.2912322784416843	0.6108885057444714	0.8166666666666667
13	processing_cohort	Mean-HVG pseudobulk	unadjusted	79	0.2912322784416843	0.6108885057444714	0.9429487179487179
13	processing_cohort	PCA pseudobulk	processing_cohort	79	0.2912322784416843	0.6108885057444714	0.9166666666666666
13	processing_cohort	PCA pseudobulk	unadjusted	79	0.2912322784416843	0.6108885057444714	0.9153846153846154
13	demographic	Frozen Geneformer	demographic	221	0.36603348580443007	0.7056020881825653	0.962371224026541
13	demographic	Frozen Geneformer	unadjusted	221	0.36603348580443007	0.7056020881825653	0.9722367731796753
13	demographic	Mean-HVG pseudobulk	demographic	221	0.36603348580443007	0.7056020881825653	0.9766893661602934
13	demographic	Mean-HVG pseudobulk	unadjusted	221	0.36603348580443007	0.7056020881825653	0.9846341889296315
13	demographic	PCA pseudobulk	demographic	221	0.36603348580443007	0.7056020881825653	0.9685699319015192
13	demographic	PCA pseudobulk	unadjusted	221	0.36603348580443007	0.7056020881825653	0.9735463593504453
13	combined	Frozen Geneformer	combined	45	0.2717822122756932	0.5408331683572635	0.9011857707509882
13	combined	Frozen Geneformer	unadjusted	45	0.2717822122756932	0.5408331683572635	0.907114624505929
13	combined	Mean-HVG pseudobulk	combined	45	0.2717822122756932	0.5408331683572635	0.9387351778656127
13	combined	Mean-HVG pseudobulk	unadjusted	45	0.2717822122756932	0.5408331683572635	0.9565217391304348
13	combined	PCA pseudobulk	combined	45	0.2717822122756932	0.5408331683572635	0.9130434782608696
13	combined	PCA pseudobulk	unadjusted	45	0.2717822122756932	0.5408331683572635	0.8972332015810277
14	cell_yield	Frozen Geneformer	cell_yield	185	0.2800699844593396	0.6630007181032914	0.9552148720424916
14	cell_yield	Frozen Geneformer	unadjusted	185	0.2800699844593396	0.6630007181032914	0.9717527764365042
14	cell_yield	Mean-HVG pseudobulk	cell_yield	185	0.2800699844593396	0.6630007181032914	0.9733220666344762
14	cell_yield	Mean-HVG pseudobulk	unadjusted	185	0.2800699844593396	0.6630007181032914	0.9851521004345727
14	cell_yield	PCA pseudobulk	cell_yield	185	0.2800699844593396	0.6630007181032914	0.9524384355383873
14	cell_yield	PCA pseudobulk	unadjusted	185	0.2800699844593396	0.6630007181032914	0.9739256397875422
14	qc_core	Frozen Geneformer	qc_core	157	0.24759282643445932	0.6750447789723366	0.9502439024390243
14	qc_core	Frozen Geneformer	unadjusted	157	0.24759282643445932	0.6750447789723366	0.9764227642276422
14	qc_core	Mean-HVG pseudobulk	qc_core	157	0.24759282643445932	0.6750447789723366	0.9796747967479674
14	qc_core	Mean-HVG pseudobulk	unadjusted	157	0.24759282643445932	0.6750447789723366	0.9873170731707317
14	qc_core	PCA pseudobulk	qc_core	157	0.24759282643445932	0.6750447789723366	0.956260162601626
14	qc_core	PCA pseudobulk	unadjusted	157	0.24759282643445932	0.6750447789723366	0.9733333333333334
14	acquisition_structure	Frozen Geneformer	acquisition_structure	207	0.26935904154964774	0.5225286255980977	0.9690731707317074
14	acquisition_structure	Frozen Geneformer	unadjusted	207	0.26935904154964774	0.5225286255980977	0.9762926829268292
14	acquisition_structure	Mean-HVG pseudobulk	acquisition_structure	207	0.26935904154964774	0.5225286255980977	0.9862439024390244
14	acquisition_structure	Mean-HVG pseudobulk	unadjusted	207	0.26935904154964774	0.5225286255980977	0.9896585365853658
14	acquisition_structure	PCA pseudobulk	acquisition_structure	207	0.26935904154964774	0.5225286255980977	0.9742439024390244
14	acquisition_structure	PCA pseudobulk	unadjusted	207	0.26935904154964774	0.5225286255980977	0.9818536585365853
14	processing_cohort	Frozen Geneformer	processing_cohort	75	0.2926640285370717	0.6021310602355343	0.9292929292929294
14	processing_cohort	Frozen Geneformer	unadjusted	75	0.2926640285370717	0.6021310602355343	0.9379509379509379
14	processing_cohort	Mean-HVG pseudobulk	processing_cohort	75	0.2926640285370717	0.6021310602355343	0.8816738816738816
14	processing_cohort	Mean-HVG pseudobulk	unadjusted	75	0.2926640285370717	0.6021310602355343	0.9653679653679654
14	processing_cohort	PCA pseudobulk	processing_cohort	75	0.2926640285370717	0.6021310602355343	0.9415584415584416
14	processing_cohort	PCA pseudobulk	unadjusted	75	0.2926640285370717	0.6021310602355343	0.9696969696969697
14	demographic	Frozen Geneformer	demographic	227	0.3638599468933116	0.7214349989041058	0.9680851063829787
14	demographic	Frozen Geneformer	unadjusted	227	0.3638599468933116	0.7214349989041058	0.9769091208972456
14	demographic	Mean-HVG pseudobulk	demographic	227	0.3638599468933116	0.7214349989041058	0.9830117103744022
14	demographic	Mean-HVG pseudobulk	unadjusted	227	0.3638599468933116	0.7214349989041058	0.9893617021276595
14	demographic	PCA pseudobulk	demographic	227	0.3638599468933116	0.7214349989041058	0.9769091208972456
14	demographic	PCA pseudobulk	unadjusted	227	0.3638599468933116	0.7214349989041058	0.9814448292924295
14	combined	Frozen Geneformer	combined	43	0.2898237746128503	0.5368712413246283	0.8787878787878788
14	combined	Frozen Geneformer	unadjusted	43	0.2898237746128503	0.5368712413246283	0.880952380952381
14	combined	Mean-HVG pseudobulk	combined	43	0.2898237746128503	0.5368712413246283	0.8744588744588744
14	combined	Mean-HVG pseudobulk	unadjusted	43	0.2898237746128503	0.5368712413246283	0.9523809523809523
14	combined	PCA pseudobulk	combined	43	0.2898237746128503	0.5368712413246283	0.9264069264069266
14	combined	PCA pseudobulk	unadjusted	43	0.2898237746128503	0.5368712413246283	0.9285714285714286
15	cell_yield	Frozen Geneformer	cell_yield	188	0.27758835499865325	0.6703589403190564	0.9445221445221446
15	cell_yield	Frozen Geneformer	unadjusted	188	0.27758835499865325	0.6703589403190564	0.9674825174825175
15	cell_yield	Mean-HVG pseudobulk	cell_yield	188	0.27758835499865325	0.6703589403190564	0.9737762237762239
15	cell_yield	Mean-HVG pseudobulk	unadjusted	188	0.27758835499865325	0.6703589403190564	0.9837995337995338
15	cell_yield	PCA pseudobulk	cell_yield	188	0.27758835499865325	0.6703589403190564	0.9545454545454545
15	cell_yield	PCA pseudobulk	unadjusted	188	0.27758835499865325	0.6703589403190564	0.9614219114219115
15	qc_core	Frozen Geneformer	qc_core	162	0.2402345263272618	0.6824863503887666	0.947440794499618
15	qc_core	Frozen Geneformer	unadjusted	162	0.2402345263272618	0.6824863503887666	0.9787624140565317
15	qc_core	Mean-HVG pseudobulk	qc_core	162	0.2402345263272618	0.6824863503887666	0.9841100076394194
15	qc_core	Mean-HVG pseudobulk	unadjusted	162	0.2402345263272618	0.6824863503887666	0.9905271199388845
15	qc_core	PCA pseudobulk	qc_core	162	0.2402345263272618	0.6824863503887666	0.9590527119938884
15	qc_core	PCA pseudobulk	unadjusted	162	0.2402345263272618	0.6824863503887666	0.9654698242933537
15	acquisition_structure	Frozen Geneformer	acquisition_structure	206	0.2860695907795527	0.5123301698453343	0.9704691358024692
15	acquisition_structure	Frozen Geneformer	unadjusted	206	0.2860695907795527	0.5123301698453343	0.9741234567901234
15	acquisition_structure	Mean-HVG pseudobulk	acquisition_structure	206	0.2860695907795527	0.5123301698453343	0.9846913580246914
15	acquisition_structure	Mean-HVG pseudobulk	unadjusted	206	0.2860695907795527	0.5123301698453343	0.986962962962963
15	acquisition_structure	PCA pseudobulk	acquisition_structure	206	0.2860695907795527	0.5123301698453343	0.9722469135802468
15	acquisition_structure	PCA pseudobulk	unadjusted	206	0.2860695907795527	0.5123301698453343	0.96879012345679
15	processing_cohort	Frozen Geneformer	processing_cohort	89	0.3097189213849439	0.6872578548189436	0.8855116514690983
15	processing_cohort	Frozen Geneformer	unadjusted	89	0.3097189213849439	0.6872578548189436	0.9098277608915907
15	processing_cohort	Mean-HVG pseudobulk	processing_cohort	89	0.3097189213849439	0.6872578548189436	0.8039513677811551
15	processing_cohort	Mean-HVG pseudobulk	unadjusted	89	0.3097189213849439	0.6872578548189436	0.9412360688956434
15	processing_cohort	PCA pseudobulk	processing_cohort	89	0.3097189213849439	0.6872578548189436	0.8855116514690983
15	processing_cohort	PCA pseudobulk	unadjusted	89	0.3097189213849439	0.6872578548189436	0.9159067882472138
15	demographic	Frozen Geneformer	demographic	228	0.3663134767529172	0.737346549957457	0.9625496031746031
15	demographic	Frozen Geneformer	unadjusted	228	0.3663134767529172	0.737346549957457	0.9733796296296295
15	demographic	Mean-HVG pseudobulk	demographic	228	0.3663134767529172	0.737346549957457	0.9793320105820106
15	demographic	Mean-HVG pseudobulk	unadjusted	228	0.3663134767529172	0.737346549957457	0.9869378306878307
15	demographic	PCA pseudobulk	demographic	228	0.3663134767529172	0.737346549957457	0.968584656084656
15	demographic	PCA pseudobulk	unadjusted	228	0.3663134767529172	0.737346549957457	0.9742063492063493
15	combined	Frozen Geneformer	combined	39	0.34906391516344965	0.5327560810477718	0.8685714285714287
15	combined	Frozen Geneformer	unadjusted	39	0.34906391516344965	0.5327560810477718	0.8314285714285715
15	combined	Mean-HVG pseudobulk	combined	39	0.34906391516344965	0.5327560810477718	0.8771428571428571
15	combined	Mean-HVG pseudobulk	unadjusted	39	0.34906391516344965	0.5327560810477718	0.9228571428571429
15	combined	PCA pseudobulk	combined	39	0.34906391516344965	0.5327560810477718	0.9057142857142857
15	combined	PCA pseudobulk	unadjusted	39	0.34906391516344965	0.5327560810477718	0.8485714285714286
16	cell_yield	Frozen Geneformer	cell_yield	190	0.2810799451040286	0.6741664092915265	0.9479455216989843
16	cell_yield	Frozen Geneformer	unadjusted	190	0.2810799451040286	0.6741664092915265	0.9664127423822715
16	cell_yield	Mean-HVG pseudobulk	cell_yield	190	0.2810799451040286	0.6741664092915265	0.9711449676823638
16	cell_yield	Mean-HVG pseudobulk	unadjusted	190	0.2810799451040286	0.6741664092915265	0.9844182825484764
16	cell_yield	PCA pseudobulk	cell_yield	190	0.2810799451040286	0.6741664092915265	0.9568328716528163
16	cell_yield	PCA pseudobulk	unadjusted	190	0.2810799451040286	0.6741664092915265	0.9718374884579871
16	qc_core	Frozen Geneformer	qc_core	160	0.22529588608133547	0.6715287572641142	0.9465541490857946
16	qc_core	Frozen Geneformer	unadjusted	160	0.22529588608133547	0.6715287572641142	0.9751523675574308
16	qc_core	Mean-HVG pseudobulk	qc_core	160	0.22529588608133547	0.6715287572641142	0.9851539303016097
16	qc_core	Mean-HVG pseudobulk	unadjusted	160	0.22529588608133547	0.6715287572641142	0.9884356930770433
16	qc_core	PCA pseudobulk	qc_core	160	0.22529588608133547	0.6715287572641142	0.956868260665729
16	qc_core	PCA pseudobulk	unadjusted	160	0.22529588608133547	0.6715287572641142	0.9757774652289422
16	acquisition_structure	Frozen Geneformer	acquisition_structure	204	0.2820335177956159	0.5194566063265605	0.9702278481012658
16	acquisition_structure	Frozen Geneformer	unadjusted	204	0.2820335177956159	0.5194566063265605	0.974987341772152
16	acquisition_structure	Mean-HVG pseudobulk	acquisition_structure	204	0.2820335177956159	0.5194566063265605	0.9867341772151899
16	acquisition_structure	Mean-HVG pseudobulk	unadjusted	204	0.2820335177956159	0.5194566063265605	0.9885569620253165
16	acquisition_structure	PCA pseudobulk	acquisition_structure	204	0.2820335177956159	0.5194566063265605	0.974379746835443
16	acquisition_structure	PCA pseudobulk	unadjusted	204	0.2820335177956159	0.5194566063265605	0.9766075949367088
16	processing_cohort	Frozen Geneformer	processing_cohort	73	0.3150718733518873	0.605028470076138	0.8879699248120301
16	processing_cohort	Frozen Geneformer	unadjusted	73	0.3150718733518873	0.605028470076138	0.9300751879699248
16	processing_cohort	Mean-HVG pseudobulk	processing_cohort	73	0.3150718733518873	0.605028470076138	0.8210526315789475
16	processing_cohort	Mean-HVG pseudobulk	unadjusted	73	0.3150718733518873	0.605028470076138	0.9488721804511278
16	processing_cohort	PCA pseudobulk	processing_cohort	73	0.3150718733518873	0.605028470076138	0.8661654135338345
16	processing_cohort	PCA pseudobulk	unadjusted	73	0.3150718733518873	0.605028470076138	0.9330827067669172
16	demographic	Frozen Geneformer	demographic	228	0.3567408998586476	0.7278057837041899	0.962582538517975
16	demographic	Frozen Geneformer	unadjusted	228	0.3567408998586476	0.7278057837041899	0.970816010434499
16	demographic	Mean-HVG pseudobulk	demographic	228	0.3567408998586476	0.7278057837041899	0.9777451699682074
16	demographic	Mean-HVG pseudobulk	unadjusted	228	0.3567408998586476	0.7278057837041899	0.9858971223608054
16	demographic	PCA pseudobulk	demographic	228	0.3567408998586476	0.7278057837041899	0.9667400342382
16	demographic	PCA pseudobulk	unadjusted	228	0.3567408998586476	0.7278057837041899	0.975381103774354
16	combined	Frozen Geneformer	combined	38	0.2767734134746942	0.5366939736546222	0.9027777777777778
16	combined	Frozen Geneformer	unadjusted	38	0.2767734134746942	0.5366939736546222	0.8416666666666667
16	combined	Mean-HVG pseudobulk	combined	38	0.2767734134746942	0.5366939736546222	0.913888888888889
16	combined	Mean-HVG pseudobulk	unadjusted	38	0.2767734134746942	0.5366939736546222	0.9305555555555556
16	combined	PCA pseudobulk	combined	38	0.2767734134746942	0.5366939736546222	0.9194444444444445
16	combined	PCA pseudobulk	unadjusted	38	0.2767734134746942	0.5366939736546222	0.8777777777777778
17	cell_yield	Frozen Geneformer	cell_yield	187	0.28364518424282364	0.6685800618422469	0.9504132231404959
17	cell_yield	Frozen Geneformer	unadjusted	187	0.28364518424282364	0.6685800618422469	0.9707201889020072
17	cell_yield	Mean-HVG pseudobulk	cell_yield	187	0.28364518424282364	0.6685800618422469	0.9709563164108619
17	cell_yield	Mean-HVG pseudobulk	unadjusted	187	0.28364518424282364	0.6685800618422469	0.9789846517119244
17	cell_yield	PCA pseudobulk	cell_yield	187	0.28364518424282364	0.6685800618422469	0.9512396694214876
17	cell_yield	PCA pseudobulk	unadjusted	187	0.28364518424282364	0.6685800618422469	0.9521841794569068
17	qc_core	Frozen Geneformer	qc_core	159	0.23360226564332548	0.6602861699237873	0.9298828743273188
17	qc_core	Frozen Geneformer	unadjusted	159	0.23360226564332548	0.6602861699237873	0.9672364672364673
17	qc_core	Mean-HVG pseudobulk	qc_core	159	0.23360226564332548	0.6602861699237873	0.9648622981956315
17	qc_core	Mean-HVG pseudobulk	unadjusted	159	0.23360226564332548	0.6602861699237873	0.976258309591643
17	qc_core	PCA pseudobulk	qc_core	159	0.23360226564332548	0.6602861699237873	0.9409623298512187
17	qc_core	PCA pseudobulk	unadjusted	159	0.23360226564332548	0.6602861699237873	0.9453941120607787
17	acquisition_structure	Frozen Geneformer	acquisition_structure	204	0.2603726245547717	0.5117992539151035	0.9672911392405064
17	acquisition_structure	Frozen Geneformer	unadjusted	204	0.2603726245547717	0.5117992539151035	0.9750886075949368
17	acquisition_structure	Mean-HVG pseudobulk	acquisition_structure	204	0.2603726245547717	0.5117992539151035	0.9811645569620253
17	acquisition_structure	Mean-HVG pseudobulk	unadjusted	204	0.2603726245547717	0.5117992539151035	0.9838987341772151
17	acquisition_structure	PCA pseudobulk	acquisition_structure	204	0.2603726245547717	0.5117992539151035	0.9635443037974685
17	acquisition_structure	PCA pseudobulk	unadjusted	204	0.2603726245547717	0.5117992539151035	0.9654683544303797
17	processing_cohort	Frozen Geneformer	processing_cohort	73	0.2932111405236236	0.5881194365277547	0.9106060606060606
17	processing_cohort	Frozen Geneformer	unadjusted	73	0.2932111405236236	0.5881194365277547	0.9348484848484849
17	processing_cohort	Mean-HVG pseudobulk	processing_cohort	73	0.2932111405236236	0.5881194365277547	0.787878787878788
17	processing_cohort	Mean-HVG pseudobulk	unadjusted	73	0.2932111405236236	0.5881194365277547	0.9393939393939394
17	processing_cohort	PCA pseudobulk	processing_cohort	73	0.2932111405236236	0.5881194365277547	0.9106060606060606
17	processing_cohort	PCA pseudobulk	unadjusted	73	0.2932111405236236	0.5881194365277547	0.859848484848485
17	demographic	Frozen Geneformer	demographic	222	0.3646155811293339	0.7465801101879543	0.9636186598211914
17	demographic	Frozen Geneformer	unadjusted	222	0.3646155811293339	0.7465801101879543	0.9729131627865806
17	demographic	Mean-HVG pseudobulk	demographic	222	0.3646155811293339	0.7465801101879543	0.9762768876692928
17	demographic	Mean-HVG pseudobulk	unadjusted	222	0.3646155811293339	0.7465801101879543	0.984863238027795
17	demographic	PCA pseudobulk	demographic	222	0.3646155811293339	0.7465801101879543	0.9683101708418165
17	demographic	PCA pseudobulk	unadjusted	222	0.3646155811293339	0.7465801101879543	0.9668938656280429
17	combined	Frozen Geneformer	combined	46	0.2612583498930866	0.5502221824025667	0.8844696969696969
17	combined	Frozen Geneformer	unadjusted	46	0.2612583498930866	0.5502221824025667	0.9034090909090908
17	combined	Mean-HVG pseudobulk	combined	46	0.2612583498930866	0.5502221824025667	0.8503787878787878
17	combined	Mean-HVG pseudobulk	unadjusted	46	0.2612583498930866	0.5502221824025667	0.9318181818181818
17	combined	PCA pseudobulk	combined	46	0.2612583498930866	0.5502221824025667	0.9356060606060606
17	combined	PCA pseudobulk	unadjusted	46	0.2612583498930866	0.5502221824025667	0.8560606060606062
18	cell_yield	Frozen Geneformer	cell_yield	181	0.26408685528874376	0.6498988591502575	0.9602879126334078
18	cell_yield	Frozen Geneformer	unadjusted	181	0.26408685528874376	0.6498988591502575	0.9715810374782824
18	cell_yield	Mean-HVG pseudobulk	cell_yield	181	0.26408685528874376	0.6498988591502575	0.9793993546785803
18	cell_yield	Mean-HVG pseudobulk	unadjusted	181	0.26408685528874376	0.6498988591502575	0.9856043683296103
18	cell_yield	PCA pseudobulk	cell_yield	181	0.26408685528874376	0.6498988591502575	0.9596674112683048
18	cell_yield	PCA pseudobulk	unadjusted	181	0.26408685528874376	0.6498988591502575	0.973566641846612
18	qc_core	Frozen Geneformer	qc_core	159	0.23972003896820726	0.6661926111263603	0.9551789673740894
18	qc_core	Frozen Geneformer	unadjusted	159	0.23972003896820726	0.6661926111263603	0.9722838137472285
18	qc_core	Mean-HVG pseudobulk	qc_core	159	0.23972003896820726	0.6661926111263603	0.9882800126702566
18	qc_core	Mean-HVG pseudobulk	unadjusted	159	0.23972003896820726	0.6661926111263603	0.98907190370605
18	qc_core	PCA pseudobulk	qc_core	159	0.23972003896820726	0.6661926111263603	0.9534368070953436
18	qc_core	PCA pseudobulk	unadjusted	159	0.23972003896820726	0.6661926111263603	0.9695913842255306
18	acquisition_structure	Frozen Geneformer	acquisition_structure	203	0.27238729740213435	0.5164025746941141	0.973948717948718
18	acquisition_structure	Frozen Geneformer	unadjusted	203	0.27238729740213435	0.5164025746941141	0.9756923076923077
18	acquisition_structure	Mean-HVG pseudobulk	acquisition_structure	203	0.27238729740213435	0.5164025746941141	0.9876923076923076
18	acquisition_structure	Mean-HVG pseudobulk	unadjusted	203	0.27238729740213435	0.5164025746941141	0.9900512820512821
18	acquisition_structure	PCA pseudobulk	acquisition_structure	203	0.27238729740213435	0.5164025746941141	0.9740512820512821
18	acquisition_structure	PCA pseudobulk	unadjusted	203	0.27238729740213435	0.5164025746941141	0.9783589743589743
18	processing_cohort	Frozen Geneformer	processing_cohort	76	0.2962712593685674	0.6073530993068482	0.8690228690228691
18	processing_cohort	Frozen Geneformer	unadjusted	76	0.2962712593685674	0.6073530993068482	0.9015939015939016
18	processing_cohort	Mean-HVG pseudobulk	processing_cohort	76	0.2962712593685674	0.6073530993068482	0.7803187803187804
18	processing_cohort	Mean-HVG pseudobulk	unadjusted	76	0.2962712593685674	0.6073530993068482	0.9397089397089398
18	processing_cohort	PCA pseudobulk	processing_cohort	76	0.2962712593685674	0.6073530993068482	0.8551628551628552
18	processing_cohort	PCA pseudobulk	unadjusted	76	0.2962712593685674	0.6073530993068482	0.8988218988218988
18	demographic	Frozen Geneformer	demographic	222	0.36777831194559	0.7323398333975867	0.9596954769368562
18	demographic	Frozen Geneformer	unadjusted	222	0.36777831194559	0.7323398333975867	0.9651589789520824
18	demographic	Mean-HVG pseudobulk	demographic	222	0.36777831194559	0.7323398333975867	0.9787729511867442
18	demographic	Mean-HVG pseudobulk	unadjusted	222	0.36777831194559	0.7323398333975867	0.9855799373040752
18	demographic	PCA pseudobulk	demographic	222	0.36777831194559	0.7323398333975867	0.9666815942678012
18	demographic	PCA pseudobulk	unadjusted	222	0.36777831194559	0.7323398333975867	0.9726824899238692
18	combined	Frozen Geneformer	combined	46	0.2690524314616135	0.5553001608996063	0.9090909090909091
18	combined	Frozen Geneformer	unadjusted	46	0.2690524314616135	0.5553001608996063	0.8693181818181819
18	combined	Mean-HVG pseudobulk	combined	46	0.2690524314616135	0.5553001608996063	0.8806818181818181
18	combined	Mean-HVG pseudobulk	unadjusted	46	0.2690524314616135	0.5553001608996063	0.9545454545454546
18	combined	PCA pseudobulk	combined	46	0.2690524314616135	0.5553001608996063	0.9356060606060606
18	combined	PCA pseudobulk	unadjusted	46	0.2690524314616135	0.5553001608996063	0.8977272727272727
19	cell_yield	Frozen Geneformer	cell_yield	187	0.29521595612519036	0.6692083102122778	0.9592202822291318
19	cell_yield	Frozen Geneformer	unadjusted	187	0.29521595612519036	0.6692083102122778	0.9689069600574025
19	cell_yield	Mean-HVG pseudobulk	cell_yield	187	0.29521595612519036	0.6692083102122778	0.9732121502033007
19	cell_yield	Mean-HVG pseudobulk	unadjusted	187	0.29521595612519036	0.6692083102122778	0.9857689547955035
19	cell_yield	PCA pseudobulk	cell_yield	187	0.29521595612519036	0.6692083102122778	0.9616120545324085
19	cell_yield	PCA pseudobulk	unadjusted	187	0.29521595612519036	0.6692083102122778	0.9696244917483855
19	qc_core	Frozen Geneformer	qc_core	153	0.24818493516556675	0.6324698869607092	0.9547163362952835
19	qc_core	Frozen Geneformer	unadjusted	153	0.24818493516556675	0.6324698869607092	0.9733424470266575
19	qc_core	Mean-HVG pseudobulk	qc_core	153	0.24818493516556675	0.6324698869607092	0.9870129870129871
19	qc_core	Mean-HVG pseudobulk	unadjusted	153	0.24818493516556675	0.6324698869607092	0.9904306220095693
19	qc_core	PCA pseudobulk	qc_core	153	0.24818493516556675	0.6324698869607092	0.9680451127819549
19	qc_core	PCA pseudobulk	unadjusted	153	0.24818493516556675	0.6324698869607092	0.9659945317840055
19	acquisition_structure	Frozen Geneformer	acquisition_structure	208	0.271997463755361	0.5261888792922924	0.9685039370078741
19	acquisition_structure	Frozen Geneformer	unadjusted	208	0.271997463755361	0.5261888792922924	0.972100709633518
19	acquisition_structure	Mean-HVG pseudobulk	acquisition_structure	208	0.271997463755361	0.5261888792922924	0.9790026246719159
19	acquisition_structure	Mean-HVG pseudobulk	unadjusted	208	0.271997463755361	0.5261888792922924	0.9883347914843978
19	acquisition_structure	PCA pseudobulk	acquisition_structure	208	0.271997463755361	0.5261888792922924	0.9669485758724604
19	acquisition_structure	PCA pseudobulk	unadjusted	208	0.271997463755361	0.5261888792922924	0.9745309614076019
19	processing_cohort	Frozen Geneformer	processing_cohort	69	0.2827873559598556	0.5744172965158936	0.9634146341463414
19	processing_cohort	Frozen Geneformer	unadjusted	69	0.2827873559598556	0.5744172965158936	0.9686411149825785
19	processing_cohort	Mean-HVG pseudobulk	processing_cohort	69	0.2827873559598556	0.5744172965158936	0.8902439024390244
19	processing_cohort	Mean-HVG pseudobulk	unadjusted	69	0.2827873559598556	0.5744172965158936	0.9921602787456445
19	processing_cohort	PCA pseudobulk	processing_cohort	69	0.2827873559598556	0.5744172965158936	0.9486062717770035
19	processing_cohort	PCA pseudobulk	unadjusted	69	0.2827873559598556	0.5744172965158936	0.9573170731707317
19	demographic	Frozen Geneformer	demographic	225	0.3612731510350566	0.705834499788758	0.9678768613016563
19	demographic	Frozen Geneformer	unadjusted	225	0.3612731510350566	0.705834499788758	0.9764932240254308
19	demographic	Mean-HVG pseudobulk	demographic	225	0.3612731510350566	0.705834499788758	0.9813451564329932
19	demographic	Mean-HVG pseudobulk	unadjusted	225	0.3612731510350566	0.705834499788758	0.9916345992973064
19	demographic	PCA pseudobulk	demographic	225	0.3612731510350566	0.705834499788758	0.9790864982432658
19	demographic	PCA pseudobulk	unadjusted	225	0.3612731510350566	0.705834499788758	0.9799230383135352
19	combined	Frozen Geneformer	combined	40	0.30121306787608665	0.5379719065417944	0.8849104859335039
19	combined	Frozen Geneformer	unadjusted	40	0.30121306787608665	0.5379719065417944	0.8593350383631714
19	combined	Mean-HVG pseudobulk	combined	40	0.30121306787608665	0.5379719065417944	0.9002557544757033
19	combined	Mean-HVG pseudobulk	unadjusted	40	0.30121306787608665	0.5379719065417944	0.9437340153452685
19	combined	PCA pseudobulk	combined	40	0.30121306787608665	0.5379719065417944	0.9028132992327366
19	combined	PCA pseudobulk	unadjusted	40	0.30121306787608665	0.5379719065417944	0.8849104859335037
20	cell_yield	Frozen Geneformer	cell_yield	183	0.2844740469549148	0.6665769691854911	0.949753086419753
20	cell_yield	Frozen Geneformer	unadjusted	183	0.2844740469549148	0.6665769691854911	0.9656790123456791
20	cell_yield	Mean-HVG pseudobulk	cell_yield	183	0.2844740469549148	0.6665769691854911	0.9739506172839506
20	cell_yield	Mean-HVG pseudobulk	unadjusted	183	0.2844740469549148	0.6665769691854911	0.9855555555555555
20	cell_yield	PCA pseudobulk	cell_yield	183	0.2844740469549148	0.6665769691854911	0.9533333333333333
20	cell_yield	PCA pseudobulk	unadjusted	183	0.2844740469549148	0.6665769691854911	0.9672839506172839
20	qc_core	Frozen Geneformer	qc_core	158	0.25204123493156416	0.660411312935135	0.936698717948718
20	qc_core	Frozen Geneformer	unadjusted	158	0.25204123493156416	0.660411312935135	0.9658653846153846
20	qc_core	Mean-HVG pseudobulk	qc_core	158	0.25204123493156416	0.660411312935135	0.9778846153846155
20	qc_core	Mean-HVG pseudobulk	unadjusted	158	0.25204123493156416	0.660411312935135	0.986698717948718
20	qc_core	PCA pseudobulk	qc_core	158	0.25204123493156416	0.660411312935135	0.9376602564102565
20	qc_core	PCA pseudobulk	unadjusted	158	0.25204123493156416	0.660411312935135	0.9629807692307693
20	acquisition_structure	Frozen Geneformer	acquisition_structure	202	0.2991978727824134	0.5178083512378412	0.9722597402597403
20	acquisition_structure	Frozen Geneformer	unadjusted	202	0.2991978727824134	0.5178083512378412	0.976
20	acquisition_structure	Mean-HVG pseudobulk	acquisition_structure	202	0.2991978727824134	0.5178083512378412	0.9852467532467533
20	acquisition_structure	Mean-HVG pseudobulk	unadjusted	202	0.2991978727824134	0.5178083512378412	0.9902337662337661
20	acquisition_structure	PCA pseudobulk	acquisition_structure	202	0.2991978727824134	0.5178083512378412	0.973922077922078
20	acquisition_structure	PCA pseudobulk	unadjusted	202	0.2991978727824134	0.5178083512378412	0.9762077922077923
20	processing_cohort	Frozen Geneformer	processing_cohort	84	0.3020712231698262	0.630035977423748	0.9239931934203062
20	processing_cohort	Frozen Geneformer	unadjusted	84	0.3020712231698262	0.630035977423748	0.9415768576290414
20	processing_cohort	Mean-HVG pseudobulk	processing_cohort	84	0.3020712231698262	0.630035977423748	0.8445830969937607
20	processing_cohort	Mean-HVG pseudobulk	unadjusted	84	0.3020712231698262	0.630035977423748	0.9722064662507091
20	processing_cohort	PCA pseudobulk	processing_cohort	84	0.3020712231698262	0.630035977423748	0.9449801474758934
20	processing_cohort	PCA pseudobulk	unadjusted	84	0.3020712231698262	0.630035977423748	0.9461145774248441
20	demographic	Frozen Geneformer	demographic	236	0.3541030717265356	0.7310648416964056	0.9616438356164383
20	demographic	Frozen Geneformer	unadjusted	236	0.3541030717265356	0.7310648416964056	0.9734398782343987
20	demographic	Mean-HVG pseudobulk	demographic	236	0.3541030717265356	0.7310648416964056	0.9812785388127854
20	demographic	Mean-HVG pseudobulk	unadjusted	236	0.3541030717265356	0.7310648416964056	0.9902587519025874
20	demographic	PCA pseudobulk	demographic	236	0.3541030717265356	0.7310648416964056	0.9735159817351599
20	demographic	PCA pseudobulk	unadjusted	236	0.3541030717265356	0.7310648416964056	0.9799086757990867
20	combined	Frozen Geneformer	combined	52	0.2461416206873739	0.5777312377058184	0.8772189349112426
20	combined	Frozen Geneformer	unadjusted	52	0.2461416206873739	0.5777312377058184	0.8875739644970414
20	combined	Mean-HVG pseudobulk	combined	52	0.2461416206873739	0.5777312377058184	0.8727810650887574
20	combined	Mean-HVG pseudobulk	unadjusted	52	0.2461416206873739	0.5777312377058184	0.9556213017751479
20	combined	PCA pseudobulk	combined	52	0.2461416206873739	0.5777312377058184	0.9097633136094675
20	combined	PCA pseudobulk	unadjusted	52	0.2461416206873739	0.5777312377058184	0.9319526627218935
