cohort	block	n_donor	n_case	n_design_feature	I_D	I_D_cv	I_D_null_mean	I_D_vs_null	p_I_D_insample	I_D_cv_null_mean	I_D_cv_null_p025	p_I_D	design_auc_linear	design_auc_rf	design_auc_frozen	p_design_auc	disease_auc	observed_frozen_auc	frozen_minus_tuned_auc	p_standard	p_collection_preserving	n_strata	strata_definition	degenerate	degenerate_reason	underpowered	underpowered_reason	seed
CMV_HIHA	all	108	45	89	0.4683	1.0	0.4958	-0.0276	0.3532	1.0	1.0	1.0	0.4795	0.4945	0.4095	0.8657	0.8973	0.8938	-0.0035	0.001	0.001	46	batch__batch_id x batch__pool_id	False		False		20260907
COMBAT_COVID	all	110	100	7	0.8074	0.9065	0.9339	-0.1265	0.01	0.9992	1.0	0.01	0.8456	0.8468	0.882	0.005	0.9968	1.0	0.0032	0.001	0.001	2	batch__Institute	False		True	minority class 10 below 15	20260907
COMBAT_CROSS	all	111	100	7	0.1432	0.2026	0.9378	-0.7946	0.005	0.9994	0.9948	0.005	0.9878	0.9958	0.9973	0.005	0.8816	0.9282	0.0465	0.001	0.19081	2	batch__Institute	False		True	minority class 11 below 15	20260907
COMBAT_INFLUENZA	all	21	11	7	0.0	0.0	0.6604	-0.6604	0.005	0.9966	0.9523	0.005	1.0	1.0	1.0	0.005	1.0	1.0	0.0	0.001		2	batch__Institute	True	restricted permutation undefined (no collection stratum holds both labels)	True	n=21 below 40; minority class 10 below 15	20260907
COVID_REN	all	182	157	26	0.6675	1.0	0.8619	-0.1944	0.005	1.0	1.0	1.0	0.8211	0.8671	0.8161	0.005	0.9433	0.9684	0.0251	0.001	0.001	25	batch__City x batch__SourceStudy x batch__BCRseq x batch__TCRseq x assay	False		False		20260907
COVID_REN_ASSAY_10x_5_v2	all	161	136	7	0.8773	0.9332	0.9527	-0.0754	0.0149	0.9992	0.986	0.005	0.7426	0.788	0.7218	0.0149	0.9449	0.9541	0.0092	0.001	0.001	3	log_cells_per_donor tertiles (no collection variable recorded)	False		False		20260907
COVID_STEPHENSON	all	115	86	8	0.5755	0.6638	0.9307	-0.3552	0.005	0.9997	1.0	0.005	0.8014	0.8397	0.8569	0.005	0.9703	0.9832	0.0128	0.001	0.001	3	batch__Site	False		False		20260907
SLE_GSE174188_ALLCELL	all	261	162	9	0.6048	0.6598	0.9652	-0.3604	0.005	0.9997	1.0	0.005	0.851	0.9039	0.8186	0.005	0.988	0.9953	0.0073	0.001	0.001	3	log_cells_per_donor tertiles (no collection variable recorded)	False		False		20260907
SLE_GSE174188_CD4	all	261	162	12	0.4872	0.5556	0.9538	-0.4666	0.005	0.9999	1.0	0.005	0.9042	0.9118	0.877	0.005	0.9735	0.9839	0.0105	0.001	0.001	4	batch__processing_wave	False		False		20260907
