rep,seed,auc
0,1121658902,0.5770046140416512
1,1168013701,0.5568025938396309
2,2128588026,0.49064721286943513
3,2037549475,0.5693353285945879
4,1156000210,0.4783015338570894
5,969117754,0.5166479610924055
6,10613014,0.5096645467015837
7,1526418456,0.39256765182691106
8,223740935,0.4926424741239556
9,1619048101,0.5134056615538097
10,2067424936,0.5599825414640229
11,1223323082,0.40503803466766436
12,654214219,0.46184062850729524
13,1647399179,0.5331088664421998
14,1584060781,0.5422122459159496
15,897349413,0.5164609053497943
16,627666088,0.4764309764309765
17,2083698532,0.5467639356528244
18,1733146848,0.520513779773039
19,1673331952,0.40447686743983036
20,167667947,0.4887766554433221
21,1131344687,0.5770669659558548
22,1242076186,0.47736625514403297
23,1265718492,0.5299912707320114
24,219629026,0.5867315126574386
25,761949552,0.41638608305274977
26,1307833629,0.509041027559546
27,423809613,0.5641601197156753
28,1838364155,0.511971567527123
29,1181708782,0.5283077690485098
30,1585699556,0.4651452799600948
31,706056961,0.4890260631001372
32,1338681776,0.5795610425240054
33,1734662456,0.4667040778151889
34,465429964,0.46751465269983794
35,161429704,0.5126574385833644
36,134242853,0.47175458286569394
37,487493119,0.4809203142536476
38,1510065070,0.6304402045142785
39,856319026,0.5493203641351789
40,1295098826,0.4950741987779025
41,1485851433,0.4513655069210625
42,1382333873,0.4908342686120463
43,1234400950,0.5406534480608555
44,211240596,0.48272851976555675
45,103884880,0.44188801596209004
46,338149431,0.513592717296421
47,1245951772,0.4943259758074573
48,1710745206,0.5246913580246914
49,1411151202,0.5163985534355904
50,1768671774,0.5622895622895623
51,866324391,0.5548696844993141
52,136795435,0.5185185185185185
53,1889116105,0.5284948247911211
54,338665317,0.5333582740990148
55,1331370214,0.4448809078438708
56,1487393027,0.466953485472004
57,1036370829,0.5759446315001872
58,312598859,0.4693228582117471
59,272471899,0.5366005736376107
60,1796049864,0.4335328594587854
61,1189822918,0.5029928918817808
62,1002907094,0.4733133807207881
63,526119999,0.5597954857214116
64,433756920,0.5001870557426114
65,156327805,0.5132809577254023
66,499228492,0.45847362514029183
67,1302275723,0.5406534480608556
68,1759672358,0.43583988028432474
69,1546483500,0.5314253647586982
70,900801687,0.4123332086295049
71,165917857,0.5390322982915575
72,688993114,0.505861079935154
73,568338874,0.5050505050505051
74,930789187,0.5382840753211123
75,1137187784,0.411772041401671
76,1395261760,0.5665294924554184
77,112964688,0.5830527497194163
78,1404399879,0.45467015837386204
79,816076260,0.5292430477615663
80,1722842882,0.4925801222097518
81,585894957,0.48210500062351913
82,2065427020,0.5576131687242798
83,604949130,0.5138421249532361
84,2043355122,0.5144656440952736
85,1492581118,0.5163362015213867
86,2047098863,0.47543334580371616
87,1793042978,0.4273600199526126
88,1636600561,0.5140291806958474
89,787958445,0.4031051253273475
90,859525370,0.4939518643222347
91,953833640,0.5314253647586982
92,1662947545,0.47162987903728637
93,1000569023,0.5868562164858461
94,1856218137,0.5101010101010102
95,809110396,0.5388452425489463
96,143300766,0.4959471255767552
97,1930866102,0.4112108741738371
98,702275293,0.4029804214989401
99,325286609,0.4512408030926549
100,640599314,0.44163860830527496
101,1609593022,0.47019578501059983
102,997401842,0.41563786008230447
103,1585264491,0.5059234318493578
104,457901834,0.5142162364384586
105,623304896,0.46695348547200405
106,2058344454,0.4789874049133308
107,2064189799,0.5173961840628507
108,1851488519,0.46146651702207264
109,31674625,0.477615662800848
110,1150380331,0.5203267240304276
111,1312396633,0.4292929292929293
112,404574082,0.507482229704452
113,1326600066,0.543958099513655
114,545692191,0.47811447811447816
115,664884338,0.5732011472752213
116,1970694028,0.47044519266741486
117,1961509735,0.5296795111609925
118,379855116,0.5688365132809576
119,840597364,0.4409527372490335
120,1659612465,0.5243172465394688
121,2114714663,0.4229330340441452
122,2011492270,0.49663299663299665
123,292003893,0.4576630502556428
124,728012928,0.43658810325476993
125,1993844195,0.5619154508043397
126,1800905176,0.4620276842499065
127,451831352,0.48029679511160994
128,843552197,0.5334829779274223
129,1182967062,0.5578625763810949
130,1226542669,0.44718792866941015
131,799981757,0.5330465145279961
132,83859794,0.49769297917446065
133,1842458015,0.4584736251402918
134,2074604789,0.4115226337448559
135,1468529373,0.5016835016835017
136,1902813205,0.46876169098391324
137,719822371,0.4252400548696845
138,238977068,0.5052375607931163
139,448271787,0.5442075071704702
140,895005671,0.5359770544955731
141,878976979,0.418443696221474
142,451449420,0.47717919940142156
143,1432125364,0.4441326848734256
144,938242920,0.4999376480857962
145,1978967222,0.4511160992642474
146,2074757944,0.47487217857588226
147,1247427292,0.5207631874298542
148,1553736918,0.5205137797730391
149,1261436483,0.5738870183314628
150,450765425,0.5014340940266866
151,1785838800,0.47007108118219226
152,1470375532,0.543459284200025
153,370320702,0.4444444444444445
154,1184749901,0.5799351540092281
155,468080672,0.44251153510412766
156,1948341722,0.49906472128694346
157,1632622795,0.5600448933782267
158,521116279,0.5181444070332959
159,2078125537,0.4830402793365756
160,2100487677,0.47175458286569405
161,1821620563,0.5932161117346302
162,1832269939,0.4325975807457289
163,598746285,0.5402793365756329
164,842940089,0.5787504676393566
165,2079074155,0.5687118094525502
166,138659906,0.5294924554183813
167,497847735,0.5432098765432098
168,909309200,0.5755705200149644
169,1526099795,0.4801720912832024
170,617494430,0.4391445317371243
171,1260023832,0.4657064471879287
172,1526997315,0.48597081930415265
173,1379783057,0.4578501059982541
174,1759076966,0.45853597705449556
175,2030808947,0.4837885023070208
176,1663158440,0.5457039531113604
177,2020634069,0.5593590223219853
178,1347820747,0.4183813443072702
179,828870111,0.42997880034917074
180,1874218840,0.4758074572889388
181,229967506,0.4746227709190672
182,1859875077,0.5657812694849731
183,631195089,0.43583988028432474
184,1028094915,0.5025564284823545
185,1022197994,0.37648085796233943
186,740496351,0.40927796483352036
187,166245947,0.5185808704327222
188,1764811768,0.5342935528120714
189,1428493912,0.5150268113231076
190,1734858408,0.47262750966454664
191,657381661,0.4624017957351291
192,1825010763,0.37249033545329835
193,994245332,0.4712557675520638
194,407831293,0.49950118468636984
195,1427941375,0.5386581868063349
196,2053205921,0.5195785010599825
197,1375063123,0.4451926674148896
198,1729706204,0.5291183439331587
199,1491320814,0.47281456540715794
200,927369492,0.478925052999127
201,184367429,0.5405287442324479
202,1058858064,0.5014964459408904
203,2028982908,0.49594712557675524
204,549480451,0.5268113231076194
205,1008986199,0.5344806085546826
206,1359054697,0.5043022820800599
207,12804086,0.46495822421748345
208,632429571,0.535166479610924
209,1533759458,0.46464646464646464
210,1877237860,0.5374735004364635
211,1865318914,0.39780521262002744
212,996744354,0.5601695972066343
213,1310286152,0.3943758573388203
214,2146039780,0.4801097393689986
215,2086386177,0.5099763062726025
216,513700915,0.589786756453423
217,81031928,0.5501309390198279
218,749909561,0.4405162738496071
219,822104597,0.5478862701084923
220,1472306692,0.5560543708691856
221,1395233165,0.4923307145529367
222,2024381540,0.4768050879161991
223,178391460,0.5412146152886894
224,1580928299,0.532797106871181
225,534095038,0.5150891632373114
226,1251250040,0.49788003491707195
227,1670637851,0.5282454171343061
228,229093322,0.4829155755081681
229,41854771,0.4615288689362763
230,1502477115,0.45785010599825415
231,1057109654,0.4718169347798977
232,358364701,0.4455044269859084
233,1833996448,0.5793739867813942
234,1402980733,0.540778151889263
235,1773700058,0.4927671779523631
236,1854203068,0.42598827784012966
237,455768557,0.5031175957101883
238,415201354,0.5502556428482354
239,260123982,0.5014964459408904
240,2032011991,0.4979423868312757
241,95494177,0.4807332585110363
242,1809419820,0.5978301533857089
243,1301397508,0.511971567527123
244,1109269802,0.47007108118219226
245,1191351809,0.4508043396932286
246,650583095,0.5143409402668662
247,1024434778,0.4778027185434593
248,1722845344,0.4458161865569273
249,2119110875,0.4572265868562165
250,1535844021,0.4950741987779025
251,218121444,0.45965831151016334
252,1444038387,0.46944756204015464
253,582400484,0.5281830652201023
254,1240187424,0.4150766928544706
255,773259430,0.5940890385334829
256,944691041,0.4633370744481856
257,1173354321,0.4867190422745978
258,575091369,0.47630627260256897
259,184749330,0.5127197904975682
260,1728492879,0.5685871056241426
261,535383562,0.4213118842748472
262,1944036572,0.4316623020326724
263,1369936578,0.5532485347300162
264,1037504848,0.5914079062227211
265,1946786362,0.4574136425988278
266,2025965549,0.48590846738994886
267,2096184500,0.5332335702706072
268,781603872,0.46445940890385334
269,1797700627,0.45230078563411896
270,1509638618,0.4344681381718418
271,1342013517,0.48210500062351913
272,1953333025,0.5668412520264372
273,603689886,0.311572515276219
274,512922780,0.4613418131936651
275,380981683,0.5082928045891009
276,231189568,0.46745230078563416
277,1847645066,0.5326100511285696
278,1138004703,0.5233819678264122
279,1711386934,0.5056740241925427
280,1609546847,0.44924554183813437
281,1221339936,0.5412146152886893
282,15765668,0.4512408030926549
283,1528012447,0.5384711310637236
284,415430319,0.4555430851727148
285,2034660396,0.4617159246788876
286,1550527486,0.5645965831151016
287,920279057,0.5021823169971318
288,1986131001,0.41202144905848614
289,964088180,0.46776406035665297
290,1483950754,0.5448933782267116
291,655290445,0.5136550692106248
292,580193331,0.4630253148771667
293,735184895,0.5006858710562414
294,1456934277,0.4779274223718668
295,1791814049,0.4899613418131937
296,710062496,0.5372240927796483
297,1107519433,0.4673275969572266
298,2097130858,0.4218106995884774
299,1163605231,0.4521137298915077
300,1067364736,0.4966329966329966
301,229182800,0.45965831151016334
302,1485620526,0.47624392068836513
303,1612059106,0.5331712183564036
304,1218394359,0.4844120214490584
305,435200385,0.5123456790123457
306,2067934157,0.5124703828407533
307,1727060883,0.5233196159122085
308,489088335,0.4554183813443072
309,990830438,0.6063100137174211
310,668213042,0.501621149769298
311,25651797,0.49289188178077065
312,1098733903,0.5029928918817808
313,1316331101,0.49600947749095897
314,1599350615,0.5510662177328844
315,1983044447,0.517583239805462
316,213246576,0.5699588477366254
317,1349293371,0.5105998254146402
318,1840767643,0.5285571767053249
319,162288767,0.5182691108617035
320,1027706799,0.5835515650330465
321,644944442,0.5329841626137922
322,1098685751,0.5290559920189549
323,818363436,0.5162114976929792
324,1220010580,0.4259882778401297
325,1867948972,0.4115226337448559
326,897080729,0.5205761316872427
327,1071896088,0.4908342686120464
328,759923738,0.48983663798478616
329,475493025,0.5190173338321487
330,956461149,0.5087292679885271
331,960420653,0.5389699463773538
332,1020566784,0.5034917071954108
333,1968450011,0.5149644594089038
334,685011531,0.4708193041526375
335,888421934,0.5178949993764809
336,1111519893,0.38826536974685116
337,1943019180,0.5799975059234319
338,1270667844,0.5508168100760693
339,1628890915,0.48241676019453794
340,500931583,0.4779274223718668
341,446912186,0.4531737124329717
342,2060814825,0.4521137298915076
343,366375963,0.43746103005362263
344,1752560774,0.4022945504426986
345,392847846,0.525564284823544
346,1812578061,0.49401421623643843
347,301724176,0.43172465394687615
348,987267181,0.6341189674523008
349,989899585,0.45504426985908464
350,2100506270,0.5196408529741863
351,159516834,0.560481356777653
352,1584850811,0.4852225963337074
353,1633706166,0.5080433969322858
354,1449077839,0.6137298915076692
355,316203220,0.5501932909340317
356,1610285933,0.6101134804838508
357,861142946,0.5011223344556678
358,1733664627,0.4748098266616785
359,1243531052,0.5394687616909839
360,7122049,0.49164484349669535
361,1235433499,0.47368749220601075
362,714366483,0.4241800723282205
363,612271480,0.5240678388826536
364,119265167,0.5115351041276968
365,1680988064,0.39231824417009603
366,667079016,0.4833520389075945
367,921412633,0.5435216361142287
368,1068599753,0.401109864072827
369,1431263156,0.4686993390697095
370,738873082,0.5708941264496821
371,705287405,0.5301783264746228
372,53553342,0.47736625514403297
373,61830139,0.510911584985659
374,504391349,0.5059857837635615
375,1122296658,0.5869185684000499
376,1396641818,0.5351041276967202
377,287722677,0.38377603192418
378,152726611,0.5808080808080808
379,1053566266,0.576505798728021
380,740761471,0.4769921436588104
381,2105202133,0.6088040902855717
382,72186246,0.48915076692854476
383,554543174,0.4679511160992642
384,2108616646,0.5519391445317371
385,1455988742,0.5049881531363012
386,1891290693,0.5009976306272602
387,491643014,0.598640728270358
388,121572552,0.5057363761067465
389,334917430,0.45149021074947
390,121533647,0.5270607307644344
391,144980061,0.40485097892505295
392,246339421,0.501621149769298
393,1589347609,0.5091033794737498
394,1373063433,0.46832522758448686
395,1199922577,0.4971318119466267
396,1283798153,0.4986906098017209
397,402499427,0.39063474248659436
398,1894090689,0.4711310637236563
399,253946222,0.5526250155879785
400,1654827562,0.515712682379349
401,1817056501,0.5228208005985784
402,1263222681,0.4647711684748722
403,122968016,0.4303529118343933
404,464188411,0.48584611547574513
405,1061196451,0.49027310138421254
406,1990738765,0.4801097393689986
407,1763104008,0.49812944257388697
408,327299213,0.4103379473749844
409,1393751376,0.5006235191420376
410,1844334911,0.39955106621773284
411,531775720,0.4705698964958224
412,959598382,0.5720788128195535
413,829934141,0.5442075071704702
414,227055517,0.5185185185185186
415,1760729321,0.5144656440952737
416,1636659685,0.4978176830028682
417,1863346775,0.4769921436588103
418,1308316035,0.502930539967577
419,2111083183,0.5362888140665918
420,2076886778,0.4950118468636987
421,1779668956,0.5030552437959845
422,802281786,0.46209003616411026
423,57884442,0.4353410649706946
424,1049419877,0.4978176830028682
425,838942035,0.43858336450929036
426,156529952,0.5515650330465145
427,326322821,0.5402169846614291
428,469742931,0.5366005736376107
429,248721363,0.5351041276967202
430,701442729,0.42586357401172215
431,2112896609,0.462152388078314
432,747719839,0.515712682379349
433,248243601,0.5003741114852227
434,433055192,0.47836388577129313
435,1771016877,0.38683127572016457
436,1483855955,0.45984536725277464
437,1151891114,0.5052375607931163
438,1023587842,0.5520638483601447
439,2083567309,0.42661179698216734
440,1091337588,0.5046763935652825
441,1426405925,0.533046514527996
442,171809397,0.5197032048883901
443,1309817377,0.5361017583239805
444,1921673559,0.4551066217732885
445,2124369187,0.46277590722035167
446,698650205,0.46445940890385334
447,444344251,0.4971318119466268
448,1288905716,0.4473126324978176
449,1297433468,0.48472378102007735
450,1516856558,0.4880284324728769
451,1116614595,0.46994637735378475
452,1026275668,0.5278713056490835
453,1179077224,0.5806210250654695
454,997832141,0.5306771417882529
455,636733898,0.5551190921561292
456,260092535,0.4298540965207632
457,605941362,0.4830402793365756
458,1056311692,0.4942012719790497
459,533145265,0.3959970071081182
460,432291061,0.5421498940017458
461,1752985184,0.4338446190298042
462,229181962,0.4055368499812944
463,1067068228,0.42623768549694474
464,684607410,0.4946377353784761
465,2006177166,0.3465519391445317
466,1163880321,0.5372240927796483
467,1050200555,0.41015089163237306
468,1730648318,0.46502057613168724
469,394374518,0.5336700336700337
470,809251382,0.475745105374735
471,392529473,0.526125452051378
472,1683177365,0.5686494575383465
473,1219316083,0.40746975932161117
474,875998280,0.4937024566654196
475,489440580,0.4042274597830153
476,742675274,0.5250031175957102
477,797655481,0.4725651577503429
478,305799306,0.49364010475121584
479,1851033230,0.6037535852350666
480,2018261131,0.5482603815937149
481,1319486219,0.4304776156628008
482,2122658514,0.5865444569148273
483,276013570,0.5021823169971318
484,1326147625,0.5203890759446315
485,1587224615,0.48559670781893005
486,755095264,0.427235316124205
487,1490462541,0.49925177702955487
488,854096295,0.4993141289437585
489,1357251402,0.40927796483352036
490,979214098,0.5406534480608555
491,424145175,0.4976306272602569
492,1106986782,0.5336076817558298
493,1964567903,0.6855592966704077
494,1563280250,0.488277840129692
495,791960365,0.5630377852600075
496,1884829284,0.4872802095024317
497,1451414663,0.5794986906098017
498,1456437674,0.4523631375483227
499,598865133,0.5518767926175333
500,418215683,0.47674273600199524
501,411026277,0.4823544082803342
502,859829304,0.506422247162988
503,2016393272,0.5691482728519766
504,313874711,0.44475620401546323
505,455582375,0.5304277341314378
506,1051089404,0.37485970819304154
507,126811763,0.5223843371991519
508,1846756952,0.43596458411273226
509,777235714,0.5072951739618407
510,1014133241,0.5006858710562414
511,1607828519,0.5080433969322857
512,535733111,0.5177079436338695
513,227736078,0.5375982042648709
514,1642067573,0.5154009228083302
515,383208931,0.4528619528619528
516,1820305682,0.5025564284823544
517,1178523908,0.597268986157875
518,41437182,0.513343309639606
519,170713924,0.49800473874547946
520,1803808065,0.49625888514777405
521,1489765904,0.5803716174086544
522,131531175,0.47000872926798853
523,1281376540,0.5854221224591596
524,1515220941,0.5518144407033296
525,1086949604,0.5700835515650331
526,2118489711,0.5043646339942636
527,1428531265,0.4944506796358648
528,981348004,0.5007482229704452
529,758841108,0.502930539967577
530,2064747923,0.4612794612794613
531,490796979,0.40117221598703084
532,553322253,0.5031799476243921
533,696619451,0.5146526998378851
534,1152255383,0.41725900985160247
535,1059369656,0.48827784012969194
536,904787802,0.49395186432223476
537,2118931621,0.4787379972565158
538,1505960988,0.50960219478738
539,1299162758,0.4366504551689737
540,416818719,0.47468512283327097
541,2032209489,0.47206634243671286
542,777492299,0.4736874922060107
543,282439670,0.40366629255518144
544,1631196744,0.6000748222970445
545,1589089213,0.5155256266367377
546,2076411518,0.5172714802344432
547,1610801646,0.41545080433969317
548,1764281419,0.5995760069834144
549,1592778161,0.48098266616785135
550,1375630329,0.4490584860955231
551,1041295543,0.6296296296296297
552,199787205,0.5094151390447687
553,932520261,0.5029928918817808
554,243194714,0.37355031799476246
555,695579399,0.5309889013592717
556,1806613297,0.567402419254271
557,808600211,0.49201895498191794
558,1941312148,0.507731637361267
559,471057024,0.49145778775408405
560,721078489,0.430415263748597
561,253979536,0.5038034667664297
562,822587809,0.5453921935403416
563,1761546256,0.4370245666541962
564,1643652027,0.47948622022696097
565,1854362,0.45149021074947
566,246713797,0.4392068836513281
567,1674037828,0.5053622646215239
568,1698634540,0.4991270732011473
569,979972044,0.41376730265619155
570,565920852,0.5542461653572764
571,505710636,0.3580246913580247
572,93383696,0.5531861828158124
573,1291322125,0.48291557550816805
574,1501785052,0.48902606310013713
575,526024727,0.49120838009726897
576,1956411441,0.472003990522509
577,70629039,0.5622895622895624
578,505195737,0.458161865569273
579,971015128,0.5145903479236812
580,1604668710,0.4900236937273974
581,471657917,0.5060481356777653
582,1622536755,0.4549195660306772
583,339330176,0.5028058361391694
584,451242707,0.4879037286444694
585,1067847752,0.5848609552313255
586,1461088092,0.4241800723282204
587,1438665283,0.496258885147774
588,1934686133,0.5479486220226961
589,2021302921,0.5063598952487841
590,2113713044,0.48509789250529994
591,1767760297,0.48715550567402416
592,776978190,0.4875919690734506
593,2113324119,0.4836014465644096
594,1602247378,0.5741364259882777
595,932191239,0.39761815687741614
596,1814391292,0.546389824167602
597,1408737111,0.4127696720289313
598,30536335,0.5230702082553934
599,1238751103,0.4825414640229455
600,1496955639,0.4287317620650954
601,1378424967,0.48229205636613043
602,560653370,0.4070956478363886
603,1584354368,0.44525501932909345
604,1402697270,0.5014340940266866
605,1429529293,0.42517770295548074
606,1147721643,0.46053123830901604
607,512672045,0.5692106247661802
608,1993100722,0.5082304526748971
609,1508309809,0.49912707320114724
610,332008905,0.5211372989150768
611,276370532,0.5383464272353161
612,93223139,0.5145279960094774
613,1433923665,0.5578625763810949
614,2100329075,0.5245043022820801
615,505989474,0.4557301409153261
616,344347997,0.44693852101259507
617,1730594214,0.44937024566654193
618,1381201268,0.511472752213493
619,225826027,0.5499438832772167
620,2009069036,0.4005486968449931
621,606625354,0.5008729267988528
622,422699649,0.4518019703204888
623,388645329,0.4801097393689986
624,408102161,0.4821673525377229
625,259980058,0.5183314627759071
626,1835509931,0.4907719166978426
627,289022359,0.3968699339069709
628,1844130594,0.5520638483601445
629,602461429,0.49501184686369876
630,1297365480,0.5496321237061977
631,95286358,0.42486594338446193
632,1493540111,0.47505923431849356
633,822976736,0.4506172839506173
634,2006407180,0.4587853847113107
635,200379209,0.534355904726275
636,201360528,0.5609178201770795
637,885621772,0.4519890260631002
638,487238855,0.5046763935652824
639,64243949,0.46551939144531734
640,1063291117,0.4788003491707196
641,718619626,0.5206384836014465
642,1579597839,0.6293802219728146
643,1836545746,0.47312632497817686
644,745723825,0.48815313630128443
645,667645695,0.5720164609053497
646,127535995,0.5291183439331588
647,2101015257,0.5277466018206759
648,961468717,0.5004364633994264
649,1128367300,0.5295548073325851
650,2023627839,0.47861329342810827
651,482398463,0.5285571767053249
652,201348427,0.49519890260631
653,1727814310,0.4302282080059858
654,2005307346,0.5696470881656067
655,1001751702,0.4486220226960967
656,1951243217,0.4383963087666791
657,354875800,0.5206384836014466
658,1557340957,0.549819179448809
659,1385489650,0.4963212370619778
660,150717522,0.4910836762688614
661,480946788,0.44756204015463275
662,1096691616,0.41202144905848614
663,1596452715,0.457351290684624
664,677666343,0.5510662177328843
665,1025881990,0.455231325601696
666,1890565145,0.55861079935154
667,898141867,0.6248285322359395
668,699744593,0.514652699837885
669,321017964,0.44219977553310885
670,174253435,0.4705698964958224
671,27062793,0.4495573014091533
672,88461178,0.5034293552812071
673,2061457514,0.5972066342436713
674,1788337042,0.5587355031799476
675,138145281,0.4783638857712932
676,92039259,0.4794238683127572
677,629864578,0.4771791994014216
678,381136160,0.5170844244918319
679,540480900,0.4627135553061479
680,1431217135,0.5071081182192293
681,1713266657,0.5617283950617283
682,171702808,0.42243421873051507
683,634005647,0.41819428856465896
684,1907431928,0.48035914702581367
685,520173016,0.5263125077939892
686,2068184387,0.550629754333458
687,1550752893,0.38839007357525873
688,977502777,0.4955106621773288
689,95933243,0.4603441825664048
690,2052471218,0.5091033794737498
691,293120934,0.48328968699339064
692,1091321724,0.5793739867813943
693,517296846,0.45934655193914453
694,1618396520,0.4940142162364384
695,1734313997,0.5199526125452051
696,1467827585,0.5372240927796483
697,360968737,0.46003242299538605
698,600469828,0.49850355405910957
699,1625359018,0.3917570769422621
700,236731431,0.5049258012220974
701,2010864014,0.5468886394812321
702,1625818162,0.5036164110238184
703,1259750055,0.5721411647337573
704,927349126,0.4089038533482978
705,1282964260,0.38209253024067835
706,1276828456,0.5167726649208131
707,435428493,0.45092904352163615
708,1271841890,0.5068587105624142
709,1566131882,0.4145778775408405
710,536052290,0.5330465145279959
711,1199598627,0.5990148397555806
712,294404674,0.6071205886020701
713,395854403,0.4206883651328096
714,2146598124,0.5385958348921313
715,777523965,0.5664671405412145
716,967111710,0.4118343933158748
717,1542069523,0.5100386581868064
718,499457742,0.45149021074947004
719,1891655470,0.504239930165856
720,1170918121,0.4862825788751714
721,1102983497,0.5420875420875421
722,1211301406,0.39132061354283576
723,2123850012,0.4555430851727148
724,912477296,0.46452176081805713
725,1556965081,0.44537972315750096
726,1584562834,0.5000623519142038
727,2339921,0.5851103628881407
728,2096345165,0.5003741114852227
729,1769444134,0.4627759072203516
730,76278627,0.43309639605935907
731,1711475574,0.5306771417882529
732,730877483,0.3625140291806958
733,314875364,0.5041775782516523
734,1020004209,0.49925177702955487
735,1699072972,0.47487217857588226
736,1165504507,0.5460780645965831
737,416677703,0.6197780271854346
738,577984498,0.5266866192792119
739,317381145,0.5298042149894001
740,869830407,0.5476368624516772
741,630353801,0.5079810450180821
742,307859624,0.5351041276967202
743,898512836,0.5517520887891258
744,1998495652,0.4445067963586482
745,550480782,0.48166853722409275
746,1961425143,0.43783514153884523
747,1371107647,0.45485721411647334
748,635879080,0.5279336575632871
749,1238386461,0.49176954732510286
750,1115814192,0.5188926300037411
751,831833545,0.45198902606310015
752,1816246452,0.4976306272602569
753,1435121688,0.526125452051378
754,1314440313,0.44650205761316875
755,328807210,0.36806334954483105
756,558631524,0.5523756079311635
757,2100985811,0.46714054121461523
758,1458534615,0.5175208878912583
759,888722582,0.5438957475994513
760,764626860,0.4844120214490584
761,1024214402,0.4542960468886395
762,219652327,0.5306147898740492
763,1899538259,0.3723656316248909
764,2001575735,0.44182566404788626
765,1045838101,0.5637860082304527
766,2013592409,0.5539344057862576
767,208888967,0.4666417259009851
768,1583656962,0.4986282578875172
769,167078596,0.4430103504177578
770,925750797,0.500249407656815
771,342051876,0.5331712183564035
772,795626199,0.3928170594837261
773,1872976565,0.5044269859084674
774,1255659792,0.4540466392318245
775,1116451110,0.4735627883776032
776,1986553828,0.5139668287816436
777,105558476,0.5677141788252899
778,1419061939,0.47861329342810816
779,1264784813,0.4793615163985534
780,1295069337,0.5096645467015837
781,1547300525,0.4850978925052999
782,1507914266,0.45379723157500934
783,279369647,0.5356029430103504
784,1389049269,0.4440703329592219
785,1798534996,0.49382716049382713
786,447313090,0.5577378725526874
787,1759153167,0.5555555555555556
788,1725310832,0.4228706821299414
789,1345335859,0.4721286943509166
790,1399120588,0.5088539718169348
791,1151829498,0.5110362888140665
792,1890136918,0.5301783264746227
793,738261935,0.47312632497817686
794,1437241982,0.43583988028432474
795,1184438428,0.44668911335578
796,804615479,0.5084798603317122
797,845432725,0.5450804339693228
798,619996616,0.4367751589973812
799,2072287441,0.5168973687492205
800,1091999237,0.528245417134306
801,1498987820,0.5254395809951365
802,1474413053,0.4680758199276718
803,909099750,0.5048010973936901
804,1570582561,0.4273600199526125
805,608851898,0.4809826661678514
806,1346205410,0.4923930664671406
807,1428851632,0.5312383090160868
808,407669050,0.5172091283202395
809,964165649,0.5985160244419504
810,777213884,0.44064097767801474
811,1663748340,0.4678264122708567
812,246697006,0.5120962713555306
813,1943879802,0.4849731886768924
814,1373835269,0.4735627883776032
815,636811765,0.47119341563786005
816,1521451542,0.46608055867315135
817,1624200226,0.5000623519142038
818,628112294,0.46745230078563416
819,1650064094,0.4534854720039905
820,2141900262,0.3928170594837262
821,1361188936,0.421374236189051
822,1708605340,0.49152013966828784
823,1801439138,0.5648459907719168
824,1669675223,0.5028681880533733
825,1004545785,0.4580371617408655
826,1864667705,0.5732634991894252
827,819239862,0.47780271854345924
828,1086965401,0.4908342686120464
829,1127620525,0.48815313630128443
830,426939944,0.5259383963087667
831,1543830603,0.47543334580371616
832,423980578,0.5394687616909839
833,2118753220,0.4655193914453173
834,2058945403,0.3986781394188802
835,1976366000,0.5944631500187056
836,1488001902,0.5081681007606934
837,380199854,0.5172714802344431
838,2024290698,0.5414640229455043
839,1444167112,0.5363511659807956
840,47694266,0.4620276842499064
841,43902421,0.5400922808330215
842,434618244,0.47493453049008605
843,1681255410,0.47262750966454664
844,938266464,0.4766180321735877
845,1354139660,0.5108492330714552
846,585785740,0.5192043895747599
847,200525561,0.4957600698341439
848,1767725487,0.5251278214241176
849,1739923243,0.5503179947624391
850,1885460324,0.5014340940266866
851,1368821847,0.44500561167227837
852,1324357539,0.4708816560668413
853,1765653633,0.5274971941638608
854,1846970853,0.49825414640229454
855,125028912,0.5716423494201271
856,13704498,0.45111609926424745
857,1362105732,0.47942386831275713
858,1583058250,0.48328968699339075
859,409582313,0.5107868811572516
860,2071424613,0.4483726150392817
861,984622398,0.5046140416510787
862,976854057,0.46813817184187556
863,1226140548,0.45086669160743237
864,1609852814,0.5080433969322858
865,560486351,0.6362389325352289
866,59683778,0.48023444319740616
867,1754564175,0.4675770046140416
868,503992788,0.5006858710562414
869,269244813,0.4619029804214989
870,2138344121,0.44350916573138793
871,1869309873,0.5690859209377728
872,73239921,0.44388327721661064
873,743295299,0.5306147898740491
874,1265457267,0.5022446689113356
875,1799950862,0.5170844244918319
876,476286911,0.5375982042648708
877,1978281081,0.46932285821174713
878,1276342712,0.5124703828407532
879,1968234298,0.4183813443072702
880,1657624121,0.48509789250529983
881,2063794345,0.38365132809577257
882,993583035,0.5039905225090411
883,99123707,0.5257513405661554
884,509054470,0.4777403666292555
885,2026732743,0.4865943384461903
886,522969206,0.4517396184062851
887,51645426,0.40210749470008733
888,1032319210,0.49314128943758573
889,244155706,0.4897742860705823
890,462111261,0.5782516523257264
891,987204664,0.5772540216984662
892,47258676,0.433906970944008
893,1884543064,0.5174585359770545
894,509263801,0.5404663923182441
895,1437448271,0.4670158373862078
896,1194404812,0.4652699837885023
897,797579992,0.4758698092031425
898,887990363,0.5144656440952737
899,1158422624,0.4548572141164734
900,675185258,0.49095897244045394
901,858710162,0.5340441451552562
902,1878689055,0.39817932410525003
903,1520004650,0.5457663050255642
904,1765104493,0.45934655193914453
905,853715487,0.5068587105624143
906,548934336,0.4606559421374236
907,5350628,0.47337573263499183
908,1110587364,0.4854720039905225
909,943661149,0.5175208878912583
910,1731485011,0.4541089911460282
911,1156477241,0.44849731886768923
912,1559418696,0.47898740491333086
913,1482384780,0.48123207382466643
914,441533789,0.513343309639606
915,1224200335,0.48104501808205513
916,1881313707,0.5283701209627135
917,1655534755,0.420314253647587
918,95269152,0.44045392193540345
919,2076011729,0.45417134306023194
920,2074095878,0.5097892505299912
921,989336580,0.5460157126823794
922,1041436921,0.47069460032423
923,734796087,0.49625888514777405
924,1948009846,0.46277590722035167
925,1458787736,0.4993764808579624
926,1883672458,0.45236313754832275
927,305107496,0.4637111859334082
928,938695271,0.5362264621523881
929,40691461,0.4773662551440329
930,1653959586,0.5009976306272603
931,346328672,0.3883900735752588
932,299545766,0.5623519142037661
933,266947104,0.5086669160743235
934,1841669077,0.582865693976805
935,1897476493,0.5482603815937148
936,1081542510,0.5184561666043147
937,365879767,0.5523756079311635
938,1605283526,0.4450056116722784
939,441713350,0.511160992642474
940,1809921781,0.5049881531363013
941,2040635376,0.4357151764559172
942,428688182,0.5344806085546826
943,1255531742,0.5313630128444943
944,915051294,0.414702581369248
945,1311059081,0.40659683252275847
946,1311183000,0.5325476992143658
947,992466335,0.4589100885397182
948,414809662,0.512283327098142
949,937468972,0.5127197904975682
950,292481721,0.4948247911210874
951,1547641202,0.45467015837386204
952,988797740,0.430727023319616
953,533245894,0.5473874547948622
954,1733609924,0.45255019329093404
955,278643605,0.5383464272353161
956,1889404232,0.5410275595460781
957,1945464315,0.5751340566155382
958,1750236206,0.5438957475994514
959,1599717580,0.5859209377727896
960,322235716,0.5304900860456415
961,2072283759,0.5207008355156503
962,639020796,0.5023070208255394
963,1062166874,0.6037535852350667
964,1227026306,0.49083426861204643
965,994517544,0.3933158747973563
966,441440576,0.5316747724155132
967,1368735631,0.4924554183813444
968,465109899,0.5205761316872428
969,2026380830,0.5269983788502307
970,1470052804,0.5272477865070457
971,1876859365,0.523194912083801
972,1420937858,0.47194163860830524
973,552391411,0.4017333832148647
974,1100920883,0.5072951739618407
975,234548803,0.4123332086295049
976,448405054,0.5643471754582867
977,95009819,0.5344806085546826
978,1448311773,0.5486344930789374
979,1432333256,0.5563661304402044
980,500749798,0.5670283077690486
981,1098257716,0.4462526499563536
982,1401859291,0.49307893752338194
983,141815593,0.45398428731762064
984,1007996176,0.5020576131687242
985,1293969858,0.452550193290934
986,1734458282,0.5064845990771917
987,538745876,0.45467015837386204
988,1839666041,0.5707070707070708
989,490194014,0.48696844993141286
990,1675770994,0.4783015338570894
991,267525182,0.5053622646215239
992,663696524,0.4491831899239307
993,33837629,0.4971941638608305
994,860453482,0.4908342686120464
995,305343613,0.4739368998628258
996,1406690260,0.45523132560169594
997,1512340217,0.5498815313630128
998,1442490742,0.4087791495198903
999,1393735219,0.5400299289188176
