repeat	seed	representation	adjustment	n_donors	n_cases	roc_auc
1	20260801	geneformer	unadjusted	44	33	0.8732782369146005
1	20260801	geneformer	ridge_full_design	44	33	0.6198347107438016
1	20260801	geneformer	random_forest_full_design	44	33	0.7493112947658402
1	20260801	geneformer	batch_location_adjustment	44	33	0.8953168044077134
1	20260801	geneformer	overlap_weighted_full_design	44	33	0.8264462809917354
1	20260801	hvg_pseudobulk	unadjusted	44	33	0.953168044077135
1	20260801	hvg_pseudobulk	ridge_full_design	44	33	0.581267217630854
1	20260801	hvg_pseudobulk	random_forest_full_design	44	33	0.8980716253443526
1	20260801	hvg_pseudobulk	batch_location_adjustment	44	33	0.928374655647383
1	20260801	hvg_pseudobulk	overlap_weighted_full_design	44	33	0.9146005509641874
1	20260801	pca_pseudobulk	unadjusted	44	33	0.9752066115702479
1	20260801	pca_pseudobulk	ridge_full_design	44	33	0.46005509641873277
1	20260801	pca_pseudobulk	random_forest_full_design	44	33	0.8953168044077134
1	20260801	pca_pseudobulk	batch_location_adjustment	44	33	0.928374655647383
1	20260801	pca_pseudobulk	overlap_weighted_full_design	44	33	0.9256198347107437
2	20260802	geneformer	unadjusted	44	33	0.8925619834710744
2	20260802	geneformer	ridge_full_design	44	33	0.5757575757575757
2	20260802	geneformer	random_forest_full_design	44	33	0.7988980716253443
2	20260802	geneformer	batch_location_adjustment	44	33	0.8953168044077134
2	20260802	geneformer	overlap_weighted_full_design	44	33	0.8705234159779615
2	20260802	hvg_pseudobulk	unadjusted	44	33	0.9393939393939394
2	20260802	hvg_pseudobulk	ridge_full_design	44	33	0.6019283746556474
2	20260802	hvg_pseudobulk	random_forest_full_design	44	33	0.8209366391184573
2	20260802	hvg_pseudobulk	batch_location_adjustment	44	33	0.9118457300275482
2	20260802	hvg_pseudobulk	overlap_weighted_full_design	44	33	0.9366391184573003
2	20260802	pca_pseudobulk	unadjusted	44	33	0.9586776859504132
2	20260802	pca_pseudobulk	ridge_full_design	44	33	0.6033057851239669
2	20260802	pca_pseudobulk	random_forest_full_design	44	33	0.8126721763085399
2	20260802	pca_pseudobulk	batch_location_adjustment	44	33	0.9118457300275482
2	20260802	pca_pseudobulk	overlap_weighted_full_design	44	33	0.9504132231404958
3	20260803	geneformer	unadjusted	44	33	0.8512396694214875
3	20260803	geneformer	ridge_full_design	44	33	0.5096418732782368
3	20260803	geneformer	random_forest_full_design	44	33	0.7575757575757576
3	20260803	geneformer	batch_location_adjustment	44	33	0.859504132231405
3	20260803	geneformer	overlap_weighted_full_design	44	33	0.8264462809917356
3	20260803	hvg_pseudobulk	unadjusted	44	33	0.9696969696969697
3	20260803	hvg_pseudobulk	ridge_full_design	44	33	0.49035812672176315
3	20260803	hvg_pseudobulk	random_forest_full_design	44	33	0.8181818181818182
3	20260803	hvg_pseudobulk	batch_location_adjustment	44	33	0.8787878787878788
3	20260803	hvg_pseudobulk	overlap_weighted_full_design	44	33	0.953168044077135
3	20260803	pca_pseudobulk	unadjusted	44	33	0.9559228650137741
3	20260803	pca_pseudobulk	ridge_full_design	44	33	0.4380165289256198
3	20260803	pca_pseudobulk	random_forest_full_design	44	33	0.81267217630854
3	20260803	pca_pseudobulk	batch_location_adjustment	44	33	0.8787878787878788
3	20260803	pca_pseudobulk	overlap_weighted_full_design	44	33	0.9421487603305785
4	20260804	geneformer	unadjusted	44	33	0.8760330578512397
4	20260804	geneformer	ridge_full_design	44	33	0.6005509641873279
4	20260804	geneformer	random_forest_full_design	44	33	0.7961432506887052
4	20260804	geneformer	batch_location_adjustment	44	33	0.9366391184573003
4	20260804	geneformer	overlap_weighted_full_design	44	33	0.8760330578512397
4	20260804	hvg_pseudobulk	unadjusted	44	33	0.9724517906336088
4	20260804	hvg_pseudobulk	ridge_full_design	44	33	0.5633608815426997
4	20260804	hvg_pseudobulk	random_forest_full_design	44	33	0.8705234159779613
4	20260804	hvg_pseudobulk	batch_location_adjustment	44	33	0.9586776859504132
4	20260804	hvg_pseudobulk	overlap_weighted_full_design	44	33	0.9614325068870523
4	20260804	pca_pseudobulk	unadjusted	44	33	0.9944903581267217
4	20260804	pca_pseudobulk	ridge_full_design	44	33	0.6033057851239668
4	20260804	pca_pseudobulk	random_forest_full_design	44	33	0.8732782369146005
4	20260804	pca_pseudobulk	batch_location_adjustment	44	33	0.9586776859504132
4	20260804	pca_pseudobulk	overlap_weighted_full_design	44	33	0.9807162534435261
5	20260805	geneformer	unadjusted	44	33	0.8567493112947658
5	20260805	geneformer	ridge_full_design	44	33	0.5289256198347108
5	20260805	geneformer	random_forest_full_design	44	33	0.6914600550964187
5	20260805	geneformer	batch_location_adjustment	44	33	0.862258953168044
5	20260805	geneformer	overlap_weighted_full_design	44	33	0.8429752066115703
5	20260805	hvg_pseudobulk	unadjusted	44	33	0.9338842975206612
5	20260805	hvg_pseudobulk	ridge_full_design	44	33	0.45179063360881544
5	20260805	hvg_pseudobulk	random_forest_full_design	44	33	0.7493112947658402
5	20260805	hvg_pseudobulk	batch_location_adjustment	44	33	0.9063360881542699
5	20260805	hvg_pseudobulk	overlap_weighted_full_design	44	33	0.931129476584022
5	20260805	pca_pseudobulk	unadjusted	44	33	0.9614325068870524
5	20260805	pca_pseudobulk	ridge_full_design	44	33	0.45730027548209373
5	20260805	pca_pseudobulk	random_forest_full_design	44	33	0.721763085399449
5	20260805	pca_pseudobulk	batch_location_adjustment	44	33	0.9063360881542699
5	20260805	pca_pseudobulk	overlap_weighted_full_design	44	33	0.9476584022038568
6	20260806	geneformer	unadjusted	44	33	0.8347107438016529
6	20260806	geneformer	ridge_full_design	44	33	0.4421487603305785
6	20260806	geneformer	random_forest_full_design	44	33	0.7823691460055096
6	20260806	geneformer	batch_location_adjustment	44	33	0.8567493112947658
6	20260806	geneformer	overlap_weighted_full_design	44	33	0.8264462809917356
6	20260806	hvg_pseudobulk	unadjusted	44	33	0.9476584022038568
6	20260806	hvg_pseudobulk	ridge_full_design	44	33	0.44628099173553726
6	20260806	hvg_pseudobulk	random_forest_full_design	44	33	0.7851239669421487
6	20260806	hvg_pseudobulk	batch_location_adjustment	44	33	0.9063360881542699
6	20260806	hvg_pseudobulk	overlap_weighted_full_design	44	33	0.9476584022038568
6	20260806	pca_pseudobulk	unadjusted	44	33	0.9393939393939393
6	20260806	pca_pseudobulk	ridge_full_design	44	33	0.4366391184573003
6	20260806	pca_pseudobulk	random_forest_full_design	44	33	0.790633608815427
6	20260806	pca_pseudobulk	batch_location_adjustment	44	33	0.9063360881542699
6	20260806	pca_pseudobulk	overlap_weighted_full_design	44	33	0.9449035812672176
7	20260807	geneformer	unadjusted	44	33	0.8815426997245179
7	20260807	geneformer	ridge_full_design	44	33	0.46418732782369143
7	20260807	geneformer	random_forest_full_design	44	33	0.7300275482093663
7	20260807	geneformer	batch_location_adjustment	44	33	0.8650137741046832
7	20260807	geneformer	overlap_weighted_full_design	44	33	0.8842975206611571
7	20260807	hvg_pseudobulk	unadjusted	44	33	0.9228650137741047
7	20260807	hvg_pseudobulk	ridge_full_design	44	33	0.4683195592286501
7	20260807	hvg_pseudobulk	random_forest_full_design	44	33	0.8181818181818182
7	20260807	hvg_pseudobulk	batch_location_adjustment	44	33	0.9559228650137741
7	20260807	hvg_pseudobulk	overlap_weighted_full_design	44	33	0.9256198347107437
7	20260807	pca_pseudobulk	unadjusted	44	33	0.9035812672176309
7	20260807	pca_pseudobulk	ridge_full_design	44	33	0.49586776859504134
7	20260807	pca_pseudobulk	random_forest_full_design	44	33	0.8264462809917356
7	20260807	pca_pseudobulk	batch_location_adjustment	44	33	0.9559228650137741
7	20260807	pca_pseudobulk	overlap_weighted_full_design	44	33	0.90633608815427
8	20260808	geneformer	unadjusted	44	33	0.8732782369146005
8	20260808	geneformer	ridge_full_design	44	33	0.5013774104683195
8	20260808	geneformer	random_forest_full_design	44	33	0.696969696969697
8	20260808	geneformer	batch_location_adjustment	44	33	0.8347107438016528
8	20260808	geneformer	overlap_weighted_full_design	44	33	0.8732782369146005
8	20260808	hvg_pseudobulk	unadjusted	44	33	0.9063360881542699
8	20260808	hvg_pseudobulk	ridge_full_design	44	33	0.5041322314049587
8	20260808	hvg_pseudobulk	random_forest_full_design	44	33	0.7079889807162534
8	20260808	hvg_pseudobulk	batch_location_adjustment	44	33	0.931129476584022
8	20260808	hvg_pseudobulk	overlap_weighted_full_design	44	33	0.8980716253443526
8	20260808	pca_pseudobulk	unadjusted	44	33	0.9449035812672175
8	20260808	pca_pseudobulk	ridge_full_design	44	33	0.6074380165289256
8	20260808	pca_pseudobulk	random_forest_full_design	44	33	0.7355371900826446
8	20260808	pca_pseudobulk	batch_location_adjustment	44	33	0.931129476584022
8	20260808	pca_pseudobulk	overlap_weighted_full_design	44	33	0.9449035812672175
9	20260809	geneformer	unadjusted	44	33	0.8705234159779613
9	20260809	geneformer	ridge_full_design	44	33	0.5840220385674931
9	20260809	geneformer	random_forest_full_design	44	33	0.7658402203856749
9	20260809	geneformer	batch_location_adjustment	44	33	0.8650137741046832
9	20260809	geneformer	overlap_weighted_full_design	44	33	0.8705234159779613
9	20260809	hvg_pseudobulk	unadjusted	44	33	0.9338842975206612
9	20260809	hvg_pseudobulk	ridge_full_design	44	33	0.5206611570247934
9	20260809	hvg_pseudobulk	random_forest_full_design	44	33	0.7410468319559229
9	20260809	hvg_pseudobulk	batch_location_adjustment	44	33	0.8512396694214877
9	20260809	hvg_pseudobulk	overlap_weighted_full_design	44	33	0.9476584022038568
9	20260809	pca_pseudobulk	unadjusted	44	33	0.928374655647383
9	20260809	pca_pseudobulk	ridge_full_design	44	33	0.49311294765840225
9	20260809	pca_pseudobulk	random_forest_full_design	44	33	0.7548209366391185
9	20260809	pca_pseudobulk	batch_location_adjustment	44	33	0.8512396694214877
9	20260809	pca_pseudobulk	overlap_weighted_full_design	44	33	0.9228650137741047
10	20260810	geneformer	unadjusted	44	33	0.856749311294766
10	20260810	geneformer	ridge_full_design	44	33	0.5165289256198348
10	20260810	geneformer	random_forest_full_design	44	33	0.721763085399449
10	20260810	geneformer	batch_location_adjustment	44	33	0.8732782369146006
10	20260810	geneformer	overlap_weighted_full_design	44	33	0.837465564738292
10	20260810	hvg_pseudobulk	unadjusted	44	33	0.9256198347107437
10	20260810	hvg_pseudobulk	ridge_full_design	44	33	0.581267217630854
10	20260810	hvg_pseudobulk	random_forest_full_design	44	33	0.7410468319559229
10	20260810	hvg_pseudobulk	batch_location_adjustment	44	33	0.9201101928374656
10	20260810	hvg_pseudobulk	overlap_weighted_full_design	44	33	0.9118457300275482
10	20260810	pca_pseudobulk	unadjusted	44	33	0.9256198347107437
10	20260810	pca_pseudobulk	ridge_full_design	44	33	0.581267217630854
10	20260810	pca_pseudobulk	random_forest_full_design	44	33	0.71900826446281
10	20260810	pca_pseudobulk	batch_location_adjustment	44	33	0.9201101928374656
10	20260810	pca_pseudobulk	overlap_weighted_full_design	44	33	0.9118457300275482
11	20260811	geneformer	unadjusted	44	33	0.90633608815427
11	20260811	geneformer	ridge_full_design	44	33	0.6473829201101928
11	20260811	geneformer	random_forest_full_design	44	33	0.8044077134986226
11	20260811	geneformer	batch_location_adjustment	44	33	0.8319559228650137
11	20260811	geneformer	overlap_weighted_full_design	44	33	0.9256198347107438
11	20260811	hvg_pseudobulk	unadjusted	44	33	0.9311294765840221
11	20260811	hvg_pseudobulk	ridge_full_design	44	33	0.6528925619834711
11	20260811	hvg_pseudobulk	random_forest_full_design	44	33	0.7713498622589532
11	20260811	hvg_pseudobulk	batch_location_adjustment	44	33	0.9035812672176309
11	20260811	hvg_pseudobulk	overlap_weighted_full_design	44	33	0.9449035812672176
11	20260811	pca_pseudobulk	unadjusted	44	33	0.931129476584022
11	20260811	pca_pseudobulk	ridge_full_design	44	33	0.6584022038567493
11	20260811	pca_pseudobulk	random_forest_full_design	44	33	0.7851239669421488
11	20260811	pca_pseudobulk	batch_location_adjustment	44	33	0.9035812672176309
11	20260811	pca_pseudobulk	overlap_weighted_full_design	44	33	0.9449035812672176
12	20260812	geneformer	unadjusted	44	33	0.8898071625344351
12	20260812	geneformer	ridge_full_design	44	33	0.4573002754820937
12	20260812	geneformer	random_forest_full_design	44	33	0.7933884297520661
12	20260812	geneformer	batch_location_adjustment	44	33	0.8457300275482094
12	20260812	geneformer	overlap_weighted_full_design	44	33	0.8705234159779615
12	20260812	hvg_pseudobulk	unadjusted	44	33	0.9035812672176309
12	20260812	hvg_pseudobulk	ridge_full_design	44	33	0.5096418732782368
12	20260812	hvg_pseudobulk	random_forest_full_design	44	33	0.8402203856749311
12	20260812	hvg_pseudobulk	batch_location_adjustment	44	33	0.8898071625344353
12	20260812	hvg_pseudobulk	overlap_weighted_full_design	44	33	0.8953168044077137
12	20260812	pca_pseudobulk	unadjusted	44	33	0.9283746556473829
12	20260812	pca_pseudobulk	ridge_full_design	44	33	0.4545454545454546
12	20260812	pca_pseudobulk	random_forest_full_design	44	33	0.8539944903581267
12	20260812	pca_pseudobulk	batch_location_adjustment	44	33	0.8898071625344353
12	20260812	pca_pseudobulk	overlap_weighted_full_design	44	33	0.9118457300275482
13	20260813	geneformer	unadjusted	44	33	0.8953168044077136
13	20260813	geneformer	ridge_full_design	44	33	0.40771349862258954
13	20260813	geneformer	random_forest_full_design	44	33	0.7658402203856749
13	20260813	geneformer	batch_location_adjustment	44	33	0.8787878787878788
13	20260813	geneformer	overlap_weighted_full_design	44	33	0.8870523415977961
13	20260813	hvg_pseudobulk	unadjusted	44	33	0.9283746556473829
13	20260813	hvg_pseudobulk	ridge_full_design	44	33	0.5509641873278237
13	20260813	hvg_pseudobulk	random_forest_full_design	44	33	0.7878787878787878
13	20260813	hvg_pseudobulk	batch_location_adjustment	44	33	0.9146005509641874
13	20260813	hvg_pseudobulk	overlap_weighted_full_design	44	33	0.928374655647383
13	20260813	pca_pseudobulk	unadjusted	44	33	0.9504132231404958
13	20260813	pca_pseudobulk	ridge_full_design	44	33	0.5358126721763086
13	20260813	pca_pseudobulk	random_forest_full_design	44	33	0.7851239669421488
13	20260813	pca_pseudobulk	batch_location_adjustment	44	33	0.9146005509641874
13	20260813	pca_pseudobulk	overlap_weighted_full_design	44	33	0.953168044077135
14	20260814	geneformer	unadjusted	44	33	0.8292011019283747
14	20260814	geneformer	ridge_full_design	44	33	0.512396694214876
14	20260814	geneformer	random_forest_full_design	44	33	0.7052341597796143
14	20260814	geneformer	batch_location_adjustment	44	33	0.8319559228650139
14	20260814	geneformer	overlap_weighted_full_design	44	33	0.8292011019283747
14	20260814	hvg_pseudobulk	unadjusted	44	33	0.8760330578512397
14	20260814	hvg_pseudobulk	ridge_full_design	44	33	0.568870523415978
14	20260814	hvg_pseudobulk	random_forest_full_design	44	33	0.6914600550964186
14	20260814	hvg_pseudobulk	batch_location_adjustment	44	33	0.9090909090909091
14	20260814	hvg_pseudobulk	overlap_weighted_full_design	44	33	0.8567493112947658
14	20260814	pca_pseudobulk	unadjusted	44	33	0.8787878787878788
14	20260814	pca_pseudobulk	ridge_full_design	44	33	0.5922865013774105
14	20260814	pca_pseudobulk	random_forest_full_design	44	33	0.7520661157024794
14	20260814	pca_pseudobulk	batch_location_adjustment	44	33	0.9090909090909091
14	20260814	pca_pseudobulk	overlap_weighted_full_design	44	33	0.859504132231405
15	20260815	geneformer	unadjusted	44	33	0.8650137741046832
15	20260815	geneformer	ridge_full_design	44	33	0.4683195592286501
15	20260815	geneformer	random_forest_full_design	44	33	0.7134986225895317
15	20260815	geneformer	batch_location_adjustment	44	33	0.8457300275482094
15	20260815	geneformer	overlap_weighted_full_design	44	33	0.856749311294766
15	20260815	hvg_pseudobulk	unadjusted	44	33	0.9449035812672175
15	20260815	hvg_pseudobulk	ridge_full_design	44	33	0.42975206611570255
15	20260815	hvg_pseudobulk	random_forest_full_design	44	33	0.7741046831955923
15	20260815	hvg_pseudobulk	batch_location_adjustment	44	33	0.8732782369146006
15	20260815	hvg_pseudobulk	overlap_weighted_full_design	44	33	0.9338842975206612
15	20260815	pca_pseudobulk	unadjusted	44	33	0.9696969696969697
15	20260815	pca_pseudobulk	ridge_full_design	44	33	0.43112947658402206
15	20260815	pca_pseudobulk	random_forest_full_design	44	33	0.7272727272727273
15	20260815	pca_pseudobulk	batch_location_adjustment	44	33	0.8732782369146006
15	20260815	pca_pseudobulk	overlap_weighted_full_design	44	33	0.9614325068870523
16	20260816	geneformer	unadjusted	44	33	0.8705234159779615
16	20260816	geneformer	ridge_full_design	44	33	0.46143250688705234
16	20260816	geneformer	random_forest_full_design	44	33	0.6639118457300275
16	20260816	geneformer	batch_location_adjustment	44	33	0.8264462809917354
16	20260816	geneformer	overlap_weighted_full_design	44	33	0.862258953168044
16	20260816	hvg_pseudobulk	unadjusted	44	33	0.928374655647383
16	20260816	hvg_pseudobulk	ridge_full_design	44	33	0.5606060606060607
16	20260816	hvg_pseudobulk	random_forest_full_design	44	33	0.7520661157024794
16	20260816	hvg_pseudobulk	batch_location_adjustment	44	33	0.9338842975206612
16	20260816	hvg_pseudobulk	overlap_weighted_full_design	44	33	0.9256198347107438
16	20260816	pca_pseudobulk	unadjusted	44	33	0.928374655647383
16	20260816	pca_pseudobulk	ridge_full_design	44	33	0.5619834710743802
16	20260816	pca_pseudobulk	random_forest_full_design	44	33	0.7575757575757576
16	20260816	pca_pseudobulk	batch_location_adjustment	44	33	0.9338842975206612
16	20260816	pca_pseudobulk	overlap_weighted_full_design	44	33	0.9256198347107438
17	20260817	geneformer	unadjusted	44	33	0.8154269972451791
17	20260817	geneformer	ridge_full_design	44	33	0.5606060606060606
17	20260817	geneformer	random_forest_full_design	44	33	0.7520661157024794
17	20260817	geneformer	batch_location_adjustment	44	33	0.8842975206611571
17	20260817	geneformer	overlap_weighted_full_design	44	33	0.8044077134986227
17	20260817	hvg_pseudobulk	unadjusted	44	33	0.933884297520661
17	20260817	hvg_pseudobulk	ridge_full_design	44	33	0.5151515151515151
17	20260817	hvg_pseudobulk	random_forest_full_design	44	33	0.7988980716253444
17	20260817	hvg_pseudobulk	batch_location_adjustment	44	33	0.9118457300275482
17	20260817	hvg_pseudobulk	overlap_weighted_full_design	44	33	0.9338842975206612
17	20260817	pca_pseudobulk	unadjusted	44	33	0.9559228650137742
17	20260817	pca_pseudobulk	ridge_full_design	44	33	0.5151515151515151
17	20260817	pca_pseudobulk	random_forest_full_design	44	33	0.8236914600550964
17	20260817	pca_pseudobulk	batch_location_adjustment	44	33	0.9118457300275482
17	20260817	pca_pseudobulk	overlap_weighted_full_design	44	33	0.9449035812672176
18	20260818	geneformer	unadjusted	44	33	0.8732782369146005
18	20260818	geneformer	ridge_full_design	44	33	0.4269972451790634
18	20260818	geneformer	random_forest_full_design	44	33	0.7548209366391185
18	20260818	geneformer	batch_location_adjustment	44	33	0.8898071625344353
18	20260818	geneformer	overlap_weighted_full_design	44	33	0.8539944903581267
18	20260818	hvg_pseudobulk	unadjusted	44	33	0.9504132231404958
18	20260818	hvg_pseudobulk	ridge_full_design	44	33	0.5151515151515151
18	20260818	hvg_pseudobulk	random_forest_full_design	44	33	0.7768595041322315
18	20260818	hvg_pseudobulk	batch_location_adjustment	44	33	0.8980716253443527
18	20260818	hvg_pseudobulk	overlap_weighted_full_design	44	33	0.9283746556473829
18	20260818	pca_pseudobulk	unadjusted	44	33	0.9862258953168044
18	20260818	pca_pseudobulk	ridge_full_design	44	33	0.5702479338842975
18	20260818	pca_pseudobulk	random_forest_full_design	44	33	0.7823691460055097
18	20260818	pca_pseudobulk	batch_location_adjustment	44	33	0.8980716253443527
18	20260818	pca_pseudobulk	overlap_weighted_full_design	44	33	0.9641873278236914
19	20260819	geneformer	unadjusted	44	33	0.8842975206611572
19	20260819	geneformer	ridge_full_design	44	33	0.5674931129476584
19	20260819	geneformer	random_forest_full_design	44	33	0.6942148760330579
19	20260819	geneformer	batch_location_adjustment	44	33	0.8484848484848484
19	20260819	geneformer	overlap_weighted_full_design	44	33	0.8760330578512396
19	20260819	hvg_pseudobulk	unadjusted	44	33	0.9449035812672176
19	20260819	hvg_pseudobulk	ridge_full_design	44	33	0.3994490358126722
19	20260819	hvg_pseudobulk	random_forest_full_design	44	33	0.8181818181818182
19	20260819	hvg_pseudobulk	batch_location_adjustment	44	33	0.9008264462809917
19	20260819	hvg_pseudobulk	overlap_weighted_full_design	44	33	0.9559228650137741
19	20260819	pca_pseudobulk	unadjusted	44	33	0.9696969696969696
19	20260819	pca_pseudobulk	ridge_full_design	44	33	0.371900826446281
19	20260819	pca_pseudobulk	random_forest_full_design	44	33	0.8099173553719009
19	20260819	pca_pseudobulk	batch_location_adjustment	44	33	0.9008264462809917
19	20260819	pca_pseudobulk	overlap_weighted_full_design	44	33	0.9724517906336089
20	20260820	geneformer	unadjusted	44	33	0.9008264462809917
20	20260820	geneformer	ridge_full_design	44	33	0.4683195592286501
20	20260820	geneformer	random_forest_full_design	44	33	0.8209366391184573
20	20260820	geneformer	batch_location_adjustment	44	33	0.8539944903581268
20	20260820	geneformer	overlap_weighted_full_design	44	33	0.8705234159779616
20	20260820	hvg_pseudobulk	unadjusted	44	33	0.9173553719008264
20	20260820	hvg_pseudobulk	ridge_full_design	44	33	0.5234159779614326
20	20260820	hvg_pseudobulk	random_forest_full_design	44	33	0.7851239669421488
20	20260820	hvg_pseudobulk	batch_location_adjustment	44	33	0.9449035812672176
20	20260820	hvg_pseudobulk	overlap_weighted_full_design	44	33	0.9146005509641874
20	20260820	pca_pseudobulk	unadjusted	44	33	0.9118457300275482
20	20260820	pca_pseudobulk	ridge_full_design	44	33	0.534435261707989
20	20260820	pca_pseudobulk	random_forest_full_design	44	33	0.8760330578512397
20	20260820	pca_pseudobulk	batch_location_adjustment	44	33	0.9449035812672176
20	20260820	pca_pseudobulk	overlap_weighted_full_design	44	33	0.9146005509641874
