geo_accession,title,study_name,donor_id
GSM4029896,cSLE1 [JB17001],cSLE1,JB17001
GSM4029897,cSLE2 [JB17002],cSLE2,JB17002
GSM4029898,cSLE3 [JB17003],cSLE3,JB17003
GSM4029899,cSLE4 [JB17004],cSLE4,JB17004
GSM4029900,cSLE5 [JB17005],cSLE5,JB17005
GSM4029901,cSLE6 [JB17006],cSLE6,JB17006
GSM4029902,cSLE7 [JB17007],cSLE7,JB17007
GSM4029903,cSLE8 [JB17008],cSLE8,JB17008
GSM4029904,cSLE10 [JB17015],cSLE10,JB17015
GSM4029905,cSLE11 [JB17016],cSLE11,JB17016
GSM4029906,cSLE9 [JB17014],cSLE9,JB17014
GSM4029907,cHD1 [JB17010],cHD1,JB17010
GSM4029908,cSLE12 [JB17019],cSLE12,JB17019
GSM4029909,cSLE13 [JB17020],cSLE13,JB17020
GSM4029910,cSLE14 [JB17021],cSLE14,JB17021
GSM4029911,cSLE15 [JB17022],cSLE15,JB17022
GSM4029912,cSLE16 [JB17023],cSLE16,JB17023
GSM4029913,cSLE17 [JB17024],cSLE17,JB17024
GSM4029914,cHD2 [JB17017],cHD2,JB17017
GSM4029915,cHD3 [JB17018],cHD3,JB17018
GSM4029916,cSLE18 [JB18063],cSLE18,JB18063
GSM4029917,cSLE19 [JB18064],cSLE19,JB18064
GSM4029918,cSLE20 [JB18065],cSLE20,JB18065
GSM4029919,cSLE21 [JB18066],cSLE21,JB18066
GSM4029920,cSLE22 [JB18067],cSLE22,JB18067
GSM4029921,cSLE23 [JB18068],cSLE23,JB18068
GSM4029922,cHD4 [JB18069],cHD4,JB18069
GSM4029923,cHD5 [JB18070],cHD5,JB18070
GSM4029924,cSLE24 [JB18071],cSLE24,JB18071
GSM4029925,cSLE25 [JB18072],cSLE25,JB18072
GSM4029926,cSLE26 [JB18073],cSLE26,JB18073
GSM4029927,cSLE27 [JB18074],cSLE27,JB18074
GSM4029928,cSLE28 [JB18075],cSLE28,JB18075
GSM4029929,cSLE29 [JB18076],cSLE29,JB18076
GSM4029930,cHD6 [JB18077],cHD6,JB18077
GSM4029931,cHD7 [JB18078],cHD7,JB18078
GSM4029932,cSLE30 [JB18079],cSLE30,JB18079
GSM4029933,cSLE31 [JB18080],cSLE31,JB18080
GSM4029934,cSLE32 [JB18081],cSLE32,JB18081
GSM4029935,cSLE33 [JB18082],cSLE33,JB18082
GSM4029936,cHD10 [JB18085],cHD10,JB18085
GSM4029937,cHD11 [JB18086],cHD11,JB18086
GSM4029938,cHD8 [JB18083],cHD8,JB18083
GSM4029939,cHD9 [JB18084],cHD9,JB18084
GSM4029940,aHD1 [JB19001],aHD1,JB19001
GSM4029942,aHD3 [JB19003],aHD3,JB19003
GSM4029943,aSLE1 [JB19004],aSLE1,JB19004
GSM4029944,aSLE2 [JB19006],aSLE2,JB19006
GSM4029945,aSLE3 [JB19007],aSLE3,JB19007
GSM4029946,aSLE4 [JB19008],aSLE4,JB19008
GSM4029947,aHD4 [JB19009],aHD4,JB19009
GSM4029948,aHD5 [JB19010],aHD5,JB19010
GSM4029949,aHD6 [JB19011],aHD6,JB19011
GSM4029950,aSLE5 [JB19013],aSLE5,JB19013
GSM4029951,aSLE6 [JB19014],aSLE6,JB19014
GSM4029952,aSLE7 [JB19015],aSLE7,JB19015
