dataset_id	repeat	split_seed	method	roc_auc	pr_auc	brier
SLE_GSE135779	1	20260801	Frozen Geneformer	0.9421487603305784	0.9841808120143845	0.1673482614043098
SLE_GSE135779	1	20260801	Mean-HVG pseudobulk	0.9669421487603304	0.989684869888219	0.1588579726312406
SLE_GSE135779	1	20260801	PCA pseudobulk	0.9228650137741048	0.9662974251601656	0.1966832691500173
SLE_GSE135779	2	20260802	Frozen Geneformer	0.856749311294766	0.956575907077503	0.2049854911817298
SLE_GSE135779	2	20260802	Mean-HVG pseudobulk	0.9338842975206612	0.9811465343442088	0.158460682763348
SLE_GSE135779	2	20260802	PCA pseudobulk	0.9256198347107438	0.9781542696086408	0.2457803584207951
SLE_GSE135779	3	20260803	Frozen Geneformer	0.953168044077135	0.9850780533257536	0.179947019957587
SLE_GSE135779	3	20260803	Mean-HVG pseudobulk	0.9724517906336088	0.9915204460659004	0.1585777649282427
SLE_GSE135779	3	20260803	PCA pseudobulk	0.9724517906336088	0.991967468805704	0.1613172051299947
SLE_GSE135779	4	20260804	Frozen Geneformer	0.953168044077135	0.9838015352555918	0.1736355367570299
SLE_GSE135779	4	20260804	Mean-HVG pseudobulk	0.9338842975206612	0.9783310096618744	0.1714490379667216
SLE_GSE135779	4	20260804	PCA pseudobulk	0.9862258953168044	0.9956922162804516	0.2497486598239297
SLE_GSE135779	5	20260805	Frozen Geneformer	0.9146005509641874	0.9737386400213872	0.1894046456364989
SLE_GSE135779	5	20260805	Mean-HVG pseudobulk	0.9724517906336088	0.9915204460659004	0.1682460713862432
SLE_GSE135779	5	20260805	PCA pseudobulk	0.953168044077135	0.9844383577710764	0.1470119737002393
SLE_GSE135779	6	20260806	Frozen Geneformer	0.8567493112947658	0.9540955894131936	0.2260707955740447
SLE_GSE135779	6	20260806	Mean-HVG pseudobulk	0.9696969696969696	0.9908161059370736	0.1592716824228234
SLE_GSE135779	6	20260806	PCA pseudobulk	0.9338842975206612	0.9819406038918232	0.2270141943147536
SLE_GSE135779	7	20260807	Frozen Geneformer	0.9449035812672176	0.9838895159017108	0.1665281873948985
SLE_GSE135779	7	20260807	Mean-HVG pseudobulk	0.9614325068870524	0.9882405052859596	0.1558598637852646
SLE_GSE135779	7	20260807	PCA pseudobulk	0.9834710743801652	0.9944155368092316	0.2168259338789526
SLE_GSE135779	8	20260808	Frozen Geneformer	0.8815426997245179	0.9642592294462458	0.2103372145659313
SLE_GSE135779	8	20260808	Mean-HVG pseudobulk	0.9393939393939394	0.9803892537219724	0.1668067949240715
SLE_GSE135779	8	20260808	PCA pseudobulk	0.9366391184573004	0.9809938050424112	0.1956077257677618
SLE_GSE135779	9	20260809	Frozen Geneformer	0.8898071625344353	0.9658197137731188	0.2013296073012608
SLE_GSE135779	9	20260809	Mean-HVG pseudobulk	0.9724517906336088	0.9915204460659004	0.1461206483943023
SLE_GSE135779	9	20260809	PCA pseudobulk	0.9614325068870524	0.9881728565552094	0.1200812454179742
SLE_GSE135779	10	20260810	Frozen Geneformer	0.928374655647383	0.97899513167277	0.1913322637840222
SLE_GSE135779	10	20260810	Mean-HVG pseudobulk	0.931129476584022	0.9803500493371972	0.1824946741170315
SLE_GSE135779	10	20260810	PCA pseudobulk	0.9146005509641874	0.9470634444288588	0.2152676752257287
SLE_GSE135779	11	20260811	Frozen Geneformer	0.8650137741046832	0.9574482634290395	0.208101065878926
SLE_GSE135779	11	20260811	Mean-HVG pseudobulk	0.9283746556473828	0.9790494143510832	0.1574312570487697
SLE_GSE135779	11	20260811	PCA pseudobulk	0.9889807162534434	0.996403154925882	0.2036534140403266
SLE_GSE135779	12	20260812	Frozen Geneformer	0.8953168044077134	0.9686627389640744	0.2035112000460137
SLE_GSE135779	12	20260812	Mean-HVG pseudobulk	0.9586776859504132	0.9875318309141836	0.1608220667496689
SLE_GSE135779	12	20260812	PCA pseudobulk	0.9256198347107436	0.9778927376477284	0.2106960062936583
SLE_GSE135779	13	20260813	Frozen Geneformer	0.8870523415977961	0.963260742417356	0.197998455600355
SLE_GSE135779	13	20260813	Mean-HVG pseudobulk	0.9366391184573002	0.9811283630943072	0.1796336149663644
SLE_GSE135779	13	20260813	PCA pseudobulk	0.9641873278236914	0.988146891899799	0.1181358149861437
SLE_GSE135779	14	20260814	Frozen Geneformer	0.8787878787878789	0.9656561635070968	0.2154023497312753
SLE_GSE135779	14	20260814	Mean-HVG pseudobulk	0.9614325068870524	0.9885552231883858	0.1703345289031212
SLE_GSE135779	14	20260814	PCA pseudobulk	0.9641873278236914	0.9899922095044044	0.15160453987142
SLE_GSE135779	15	20260815	Frozen Geneformer	0.9008264462809916	0.9706266560474234	0.1837623947785728
SLE_GSE135779	15	20260815	Mean-HVG pseudobulk	0.9586776859504132	0.9885188337619626	0.1675433245476732
SLE_GSE135779	15	20260815	PCA pseudobulk	0.9696969696969696	0.9906208763300792	0.1874965450822688
SLE_GSE135779	16	20260816	Frozen Geneformer	0.9090909090909092	0.9703460563976252	0.1922664720049317
SLE_GSE135779	16	20260816	Mean-HVG pseudobulk	0.9614325068870524	0.9885691944515472	0.1605016678137714
SLE_GSE135779	16	20260816	PCA pseudobulk	0.9393939393939394	0.9820742390401832	0.18062014002527
SLE_GSE135779	17	20260817	Frozen Geneformer	0.9201101928374656	0.974675698345712	0.2031654156559201
SLE_GSE135779	17	20260817	Mean-HVG pseudobulk	0.9421487603305784	0.9836217220381442	0.1551611638302838
SLE_GSE135779	17	20260817	PCA pseudobulk	0.9641873278236917	0.9894934190388736	0.1855822672605307
SLE_GSE135779	18	20260818	Frozen Geneformer	0.9118457300275482	0.9717553776569708	0.1951550207002205
SLE_GSE135779	18	20260818	Mean-HVG pseudobulk	0.9008264462809916	0.9697763786901964	0.1864815454298228
SLE_GSE135779	18	20260818	PCA pseudobulk	0.9090909090909092	0.9736057695885528	0.2108789722279249
SLE_GSE135779	19	20260819	Frozen Geneformer	0.9146005509641874	0.9738071045196652	0.1692415726163097
SLE_GSE135779	19	20260819	Mean-HVG pseudobulk	0.9669421487603306	0.9903829966329966	0.1449803292811995
SLE_GSE135779	19	20260819	PCA pseudobulk	0.9228650137741048	0.9720302950242146	0.1618781716006394
SLE_GSE135779	20	20260820	Frozen Geneformer	0.8732782369146006	0.9645551515245198	0.2148165582724729
SLE_GSE135779	20	20260820	Mean-HVG pseudobulk	0.9173553719008264	0.9753896894355836	0.153228779564829
SLE_GSE135779	20	20260820	PCA pseudobulk	0.8898071625344353	0.95266408845445	0.1990729826787991
SLE_GSE174188_CD4	1	20260801	Frozen Geneformer	0.9857214116473376	0.9913348327744717	0.0471319163382049
SLE_GSE174188_CD4	1	20260801	Mean-HVG pseudobulk	0.970133433096396	0.9812546026375164	0.0724309020203282
SLE_GSE174188_CD4	1	20260801	PCA pseudobulk	0.9608429978800348	0.9795147213459664	0.1479038301704867
SLE_GSE174188_CD4	2	20260802	Frozen Geneformer	0.9809826661678512	0.9873057935484428	0.0626178127135275
SLE_GSE174188_CD4	2	20260802	Mean-HVG pseudobulk	0.9822920563661304	0.9899480506979694	0.0650862008350461
SLE_GSE174188_CD4	2	20260802	PCA pseudobulk	0.9740616036912332	0.9860216460635896	0.0940466815877816
SLE_GSE174188_CD4	3	20260803	Frozen Geneformer	0.9794238683127572	0.98747272822051	0.0667468433969188
SLE_GSE174188_CD4	3	20260803	Mean-HVG pseudobulk	0.9814191295672776	0.988807214067146	0.0696741854543817
SLE_GSE174188_CD4	3	20260803	PCA pseudobulk	0.959471255767552	0.9766224827646728	0.1069510430473627
SLE_GSE174188_CD4	4	20260804	Frozen Geneformer	0.9815438333956852	0.9888844444501268	0.0591017991352723
SLE_GSE174188_CD4	4	20260804	Mean-HVG pseudobulk	0.9748721785758822	0.9866087573856268	0.0665429620873991
SLE_GSE174188_CD4	4	20260804	PCA pseudobulk	0.955480733258511	0.9722535010757728	0.1134477891976894
SLE_GSE174188_CD4	5	20260805	Frozen Geneformer	0.98079561042524	0.9877407307975236	0.0534907535579021
SLE_GSE174188_CD4	5	20260805	Mean-HVG pseudobulk	0.9782391819428856	0.987375706756124	0.0796157113483353
SLE_GSE174188_CD4	5	20260805	PCA pseudobulk	0.9726275096645468	0.9821962546092304	0.0953038675490458
SLE_GSE174188_CD4	6	20260806	Frozen Geneformer	0.9817308891382964	0.988564877362448	0.0623137746082173
SLE_GSE174188_CD4	6	20260806	Mean-HVG pseudobulk	0.9809203142536476	0.9891812656571812	0.0676044440956703
SLE_GSE174188_CD4	6	20260806	PCA pseudobulk	0.981606185309889	0.9891724533375456	0.0822761675166007
SLE_GSE174188_CD4	7	20260807	Frozen Geneformer	0.975433345803716	0.9826505942676974	0.0600724109745548
SLE_GSE174188_CD4	7	20260807	Mean-HVG pseudobulk	0.9824791121087416	0.9890629125441	0.0655751850212211
SLE_GSE174188_CD4	7	20260807	PCA pseudobulk	0.9702581369248036	0.9838117915672996	0.126278655255221
SLE_GSE174188_CD4	8	20260808	Frozen Geneformer	0.9777403666292556	0.9868936047206182	0.0718313878906402
SLE_GSE174188_CD4	8	20260808	Mean-HVG pseudobulk	0.9801097393689986	0.9881409616081844	0.0704303597476931
SLE_GSE174188_CD4	8	20260808	PCA pseudobulk	0.9668287816435964	0.979804583324592	0.1096915121098371
SLE_GSE174188_CD4	9	20260809	Frozen Geneformer	0.977865070457663	0.9864495837044376	0.065772397786576
SLE_GSE174188_CD4	9	20260809	Mean-HVG pseudobulk	0.9780521262002744	0.988214365976292	0.0718088520604499
SLE_GSE174188_CD4	9	20260809	PCA pseudobulk	0.969322858211747	0.982934697908427	0.1084839279669616
SLE_GSE174188_CD4	10	20260810	Frozen Geneformer	0.982977927422372	0.989137807895528	0.0520761119865382
SLE_GSE174188_CD4	10	20260810	Mean-HVG pseudobulk	0.9771791994014216	0.9865958225597836	0.0715414022735096
SLE_GSE174188_CD4	10	20260810	PCA pseudobulk	0.957101883027809	0.9683737606889856	0.1395376229363576
SLE_GSE174188_CD4	11	20260811	Frozen Geneformer	0.9844120214490584	0.9913716440797148	0.0534161097082053
SLE_GSE174188_CD4	11	20260811	Mean-HVG pseudobulk	0.9759321611173464	0.986475853381472	0.0660085635533294
SLE_GSE174188_CD4	11	20260811	PCA pseudobulk	0.9779897742860706	0.9854877329800448	0.0939896056061307
SLE_GSE174188_CD4	12	20260812	Frozen Geneformer	0.9781768300286818	0.9873060009562468	0.0684619374081625
SLE_GSE174188_CD4	12	20260812	Mean-HVG pseudobulk	0.9814814814814816	0.989634749891285	0.0633989937407939
SLE_GSE174188_CD4	12	20260812	PCA pseudobulk	0.9537972315750094	0.9717199138629464	0.1280316237375593
SLE_GSE174188_CD4	13	20260813	Frozen Geneformer	0.986656690360394	0.9919269714488218	0.0497023310726448
SLE_GSE174188_CD4	13	20260813	Mean-HVG pseudobulk	0.9841626137922436	0.9905521851185568	0.060083637068719
SLE_GSE174188_CD4	13	20260813	PCA pseudobulk	0.968824042898117	0.9812528117832192	0.0939103528359559
SLE_GSE174188_CD4	14	20260814	Frozen Geneformer	0.9832896869933908	0.9901047501826574	0.0462480834748635
SLE_GSE174188_CD4	14	20260814	Mean-HVG pseudobulk	0.974373363262252	0.9860386027621312	0.0704267226894291
SLE_GSE174188_CD4	14	20260814	PCA pseudobulk	0.976555680259384	0.9875235754658174	0.0982742057431873
SLE_GSE174188_CD4	15	20260815	Frozen Geneformer	0.9870308018456166	0.9921610925678211	0.0484204072218793
SLE_GSE174188_CD4	15	20260815	Mean-HVG pseudobulk	0.9683875794986906	0.977554776745332	0.080186541061887
SLE_GSE174188_CD4	15	20260815	PCA pseudobulk	0.9691981543833396	0.9797076855961772	0.1146948988013521
SLE_GSE174188_CD4	16	20260816	Frozen Geneformer	0.9792991644843496	0.9880125039918984	0.0582549633425376
SLE_GSE174188_CD4	16	20260816	Mean-HVG pseudobulk	0.9723157500935278	0.981475252926064	0.0763076424772431
SLE_GSE174188_CD4	16	20260816	PCA pseudobulk	0.9608429978800348	0.9775940769312668	0.1162974355585799
SLE_GSE174188_CD4	17	20260817	Frozen Geneformer	0.978675645342312	0.9878463302142472	0.0593007493921909
SLE_GSE174188_CD4	17	20260817	Mean-HVG pseudobulk	0.9788003491707196	0.9881056627488662	0.0717222647165962
SLE_GSE174188_CD4	17	20260817	PCA pseudobulk	0.9683875794986906	0.9828635024653272	0.1005099217844237
SLE_GSE174188_CD4	18	20260818	Frozen Geneformer	0.9849108367626886	0.9907901878108544	0.0509936410161103
SLE_GSE174188_CD4	18	20260818	Mean-HVG pseudobulk	0.9768050879161992	0.9849256414365164	0.0646594518227944
SLE_GSE174188_CD4	18	20260818	PCA pseudobulk	0.9569148272851976	0.977435703643292	0.1575126050186839
SLE_GSE174188_CD4	19	20260819	Frozen Geneformer	0.9811697219104628	0.988776994837656	0.0613428117296805
SLE_GSE174188_CD4	19	20260819	Mean-HVG pseudobulk	0.9852225963337072	0.9908840846380672	0.0646557191301534
SLE_GSE174188_CD4	19	20260819	PCA pseudobulk	0.9548572141164732	0.975513790621164	0.1760454953665585
SLE_GSE174188_CD4	20	20260820	Frozen Geneformer	0.9809826661678512	0.9887238726851988	0.0620836330290832
SLE_GSE174188_CD4	20	20260820	Mean-HVG pseudobulk	0.9845367252774662	0.990672542719343	0.0715621529415996
SLE_GSE174188_CD4	20	20260820	PCA pseudobulk	0.9630253148771668	0.9802730650430592	0.148516447502384
SLE_GSE285773_CD4	1	20260801	Frozen Geneformer	0.78125	0.8963064713064713	0.2369078227135506
SLE_GSE285773_CD4	1	20260801	Mean-HVG pseudobulk	0.8625	0.9255768794758732	0.1576381900966591
SLE_GSE285773_CD4	1	20260801	PCA pseudobulk	0.6250000000000001	0.747213087246655	0.2880312191499478
SLE_GSE285773_CD4	2	20260802	Frozen Geneformer	0.8125	0.899016443662005	0.2141779191718166
SLE_GSE285773_CD4	2	20260802	Mean-HVG pseudobulk	0.8562500000000001	0.9305837218337218	0.1696279307195939
SLE_GSE285773_CD4	2	20260802	PCA pseudobulk	0.85	0.9203894420086876	0.1994132047556965
SLE_GSE285773_CD4	3	20260803	Frozen Geneformer	0.9375	0.9684410584886128	0.1825501275640344
SLE_GSE285773_CD4	3	20260803	Mean-HVG pseudobulk	0.975	0.985702614379085	0.1380040638438668
SLE_GSE285773_CD4	3	20260803	PCA pseudobulk	0.9375	0.9654893207282912	0.1126331736097964
SLE_GSE285773_CD4	4	20260804	Frozen Geneformer	0.89375	0.9450722043680172	0.2078565645042455
SLE_GSE285773_CD4	4	20260804	Mean-HVG pseudobulk	0.8437499999999999	0.9246398256348914	0.1929922491007079
SLE_GSE285773_CD4	4	20260804	PCA pseudobulk	0.90625	0.9569252305665348	0.1654854361771756
SLE_GSE285773_CD4	5	20260805	Frozen Geneformer	0.975	0.9862253289473684	0.0934514141204999
SLE_GSE285773_CD4	5	20260805	Mean-HVG pseudobulk	0.93125	0.9636729691876752	0.140106631484439
SLE_GSE285773_CD4	5	20260805	PCA pseudobulk	0.95	0.974342105263158	0.1481740050376092
SLE_GSE285773_CD4	6	20260806	Frozen Geneformer	0.7625000000000001	0.8780184913294181	0.2342454511878899
SLE_GSE285773_CD4	6	20260806	Mean-HVG pseudobulk	0.7374999999999999	0.8606446514012304	0.235596814362941
SLE_GSE285773_CD4	6	20260806	PCA pseudobulk	0.8937499999999999	0.928289579044854	0.1864361928695108
SLE_GSE285773_CD4	7	20260807	Frozen Geneformer	0.83125	0.9210858585858586	0.2206771418877917
SLE_GSE285773_CD4	7	20260807	Mean-HVG pseudobulk	0.84375	0.9262742854578904	0.1956375956349675
SLE_GSE285773_CD4	7	20260807	PCA pseudobulk	0.88125	0.9361787518037518	0.1834273967257518
SLE_GSE285773_CD4	8	20260808	Frozen Geneformer	0.8687500000000001	0.9351347248765728	0.2119766420382696
SLE_GSE285773_CD4	8	20260808	Mean-HVG pseudobulk	0.8875	0.941327929197995	0.1889886163204615
SLE_GSE285773_CD4	8	20260808	PCA pseudobulk	0.8375	0.926366930171278	0.2496327204043988
SLE_GSE285773_CD4	9	20260809	Frozen Geneformer	0.9	0.950103021978022	0.2115747636756938
SLE_GSE285773_CD4	9	20260809	Mean-HVG pseudobulk	0.73125	0.8570123550078793	0.2265585951843186
SLE_GSE285773_CD4	9	20260809	PCA pseudobulk	0.95	0.9756016042780749	0.1906555966811277
SLE_GSE285773_CD4	10	20260810	Frozen Geneformer	0.9375	0.9697966507177034	0.1751789656813993
SLE_GSE285773_CD4	10	20260810	Mean-HVG pseudobulk	0.90625	0.9526041666666668	0.1459507903937823
SLE_GSE285773_CD4	10	20260810	PCA pseudobulk	0.9375	0.9694940476190476	0.1652918471409755
SLE_GSE285773_CD4	11	20260811	Frozen Geneformer	0.89375	0.9481962719298246	0.17835506501376
SLE_GSE285773_CD4	11	20260811	Mean-HVG pseudobulk	0.9125	0.9531751336898396	0.1577344721157415
SLE_GSE285773_CD4	11	20260811	PCA pseudobulk	0.96875	0.9827786377708978	0.0885760218776632
SLE_GSE285773_CD4	12	20260812	Frozen Geneformer	0.9125	0.9516597630955216	0.1961315730304072
SLE_GSE285773_CD4	12	20260812	Mean-HVG pseudobulk	0.925	0.9602610930735932	0.1524272843087461
SLE_GSE285773_CD4	12	20260812	PCA pseudobulk	0.95	0.9791666666666666	0.2316354666159176
SLE_GSE285773_CD4	13	20260813	Frozen Geneformer	0.8750000000000001	0.9434840838509316	0.2285254579753643
SLE_GSE285773_CD4	13	20260813	Mean-HVG pseudobulk	0.8562500000000001	0.9283526232539392	0.1953344078006149
SLE_GSE285773_CD4	13	20260813	PCA pseudobulk	0.8625	0.935205314009662	0.2358171739623071
SLE_GSE285773_CD4	14	20260814	Frozen Geneformer	0.8875	0.9411828234638338	0.1680397181579403
SLE_GSE285773_CD4	14	20260814	Mean-HVG pseudobulk	0.875	0.9327933351370852	0.1788337283853591
SLE_GSE285773_CD4	14	20260814	PCA pseudobulk	0.89375	0.939093943498452	0.1539484602123472
SLE_GSE285773_CD4	15	20260815	Frozen Geneformer	0.9	0.9496824733237776	0.1976621847094703
SLE_GSE285773_CD4	15	20260815	Mean-HVG pseudobulk	0.94375	0.9699536064425772	0.139663189735439
SLE_GSE285773_CD4	15	20260815	PCA pseudobulk	0.91875	0.9584646358543418	0.1484126588726013
SLE_GSE285773_CD4	16	20260816	Frozen Geneformer	0.8250000000000001	0.8741886962675006	0.1831817327383779
SLE_GSE285773_CD4	16	20260816	Mean-HVG pseudobulk	0.8937499999999999	0.9488484077841663	0.1675335263953425
SLE_GSE285773_CD4	16	20260816	PCA pseudobulk	0.8875000000000001	0.9365045371295372	0.1681608567356761
SLE_GSE285773_CD4	17	20260817	Frozen Geneformer	0.8625	0.9312300923713968	0.177049274384878
SLE_GSE285773_CD4	17	20260817	Mean-HVG pseudobulk	0.8	0.8986834750002319	0.2020770136246196
SLE_GSE285773_CD4	17	20260817	PCA pseudobulk	0.84375	0.9221195144724555	0.2236232394744406
SLE_GSE285773_CD4	18	20260818	Frozen Geneformer	0.83125	0.9151360148802604	0.1971721954531965
SLE_GSE285773_CD4	18	20260818	Mean-HVG pseudobulk	0.88125	0.9348146645021644	0.1706309208846726
SLE_GSE285773_CD4	18	20260818	PCA pseudobulk	0.90625	0.9537319862155388	0.1597259092251352
SLE_GSE285773_CD4	19	20260819	Frozen Geneformer	0.91875	0.960930735930736	0.1579854569013895
SLE_GSE285773_CD4	19	20260819	Mean-HVG pseudobulk	0.89375	0.9500624854684956	0.1520573719387601
SLE_GSE285773_CD4	19	20260819	PCA pseudobulk	0.89375	0.946744227994228	0.1938743636571005
SLE_GSE285773_CD4	20	20260820	Frozen Geneformer	0.83125	0.9157057044785878	0.2198647457436041
SLE_GSE285773_CD4	20	20260820	Mean-HVG pseudobulk	0.8812500000000001	0.9366695724819294	0.1637014277627902
SLE_GSE285773_CD4	20	20260820	PCA pseudobulk	0.90625	0.9534406565656566	0.1786647448213996
